,countryCode,customerID,InvoiceAmount,Disputed,PaperlessBill,repeatCust,Late,DaysToSettle,countlate,DaysLate
0,391,2,55.94,0,0,1.0,0,13,0,0
1,406,83,61.74,1,1,5.0,1,36,0,6
2,391,21,65.88,0,1,0.0,0,5,0,0
3,406,92,105.92,0,1,17.0,1,35,0,5
4,818,55,72.27,1,0,9.0,1,34,0,4
5,818,37,94.0,1,0,13.0,0,26,0,0
6,897,79,74.69,0,1,26.0,0,27,0,0
7,770,33,75.06,0,0,25.0,0,27,0,0
8,770,30,80.07,1,0,19.0,1,48,0,18
9,897,68,48.33,0,1,5.0,0,25,0,0
10,770,31,75.33,0,0,0.0,0,16,0,0
11,406,40,73.35,0,1,2.0,0,8,0,0
12,818,47,90.08,1,0,6.0,1,32,0,2
13,406,85,57.17,0,0,19.0,1,40,0,10
14,818,69,50.02,0,0,0.0,0,11,0,0
15,391,80,61.96,0,0,0.0,0,7,0,0
16,406,83,69.88,0,1,5.0,0,19,1,0
17,818,37,68.8,1,0,13.0,1,42,0,12
18,818,26,96.23,1,1,2.0,0,20,0,0
19,818,44,42.01,1,1,20.0,1,47,0,17
20,406,59,86.65,0,1,2.0,0,25,0,0
21,770,70,71.49,0,1,20.0,1,44,0,14
22,818,48,88.16,0,0,0.0,0,23,0,0
23,391,98,26.44,0,1,2.0,0,18,0,0
24,897,79,83.33,0,0,26.0,1,41,0,11
25,391,76,72.7,0,0,11.0,1,39,0,9
26,818,74,41.69,0,1,6.0,0,24,0,0
27,770,30,24.46,0,0,19.0,1,38,1,8
28,406,18,70.93,1,1,14.0,1,55,0,25
29,818,81,40.07,0,0,22.0,1,34,0,4
30,897,91,58.19,0,1,0.0,0,2,0,0
31,406,59,72.13,0,1,2.0,0,22,0,0
32,391,51,72.72,0,0,1.0,0,22,0,0
33,391,9,93.48,1,0,18.0,1,36,0,6
34,897,53,46.55,0,1,0.0,0,4,0,0
35,770,58,32.58,0,0,14.0,1,38,0,8
36,897,53,34.63,0,1,0.0,0,1,0,0
37,818,37,89.15,0,0,13.0,1,32,1,2
38,391,2,43.64,0,1,1.0,0,16,0,0
39,770,70,44.36,0,1,20.0,1,33,1,3
40,770,31,56.65,0,1,0.0,0,4,0,0
41,391,87,58.2,0,0,8.0,0,22,0,0
42,391,19,83.05,0,1,0.0,0,18,0,0
43,391,84,60.03,0,0,7.0,0,26,0,0
44,406,59,59.01,0,1,2.0,0,18,0,0
45,406,12,66.85,0,1,15.0,0,30,0,0
46,818,77,78.83,1,0,7.0,1,44,0,14
47,770,93,65.0,0,1,12.0,1,37,0,7
48,391,46,57.18,0,0,2.0,0,20,0,0
49,391,57,74.65,0,0,25.0,1,47,0,17
50,391,84,59.85,0,0,7.0,0,29,0,0
51,406,34,40.54,1,0,15.0,1,31,0,1
52,391,15,51.44,0,1,16.0,1,44,0,14
53,770,43,28.43,0,1,13.0,0,18,0,0
54,406,95,78.73,1,1,13.0,1,32,0,2
55,897,52,56.26,1,0,0.0,0,23,0,0
56,391,41,77.26,0,0,15.0,1,31,0,1
57,406,35,64.6,0,0,13.0,0,22,0,0
58,406,40,54.44,0,0,2.0,0,14,0,0
59,897,5,49.04,0,1,32.0,1,38,0,8
60,406,78,70.45,1,1,11.0,1,34,0,4
61,391,80,66.12,0,0,0.0,0,9,0,0
62,391,87,49.88,1,1,8.0,1,31,0,1
63,391,27,38.64,0,0,6.0,1,32,0,2
64,770,60,65.7,1,0,5.0,1,32,0,2
65,818,47,67.6,0,0,6.0,0,28,1,0
66,391,87,35.69,1,1,8.0,1,37,1,7
67,391,9,92.53,1,0,18.0,1,37,1,7
68,897,91,61.59,0,0,0.0,0,11,0,0
69,406,35,94.47,0,1,13.0,0,16,0,0
70,391,87,38.0,0,0,8.0,1,31,2,1
71,391,76,50.24,0,1,11.0,0,25,1,0
72,818,47,113.76,1,0,6.0,1,41,1,11
73,406,32,50.96,0,0,0.0,0,6,0,0
74,770,100,73.25,0,1,17.0,0,24,0,0
75,770,31,50.39,0,0,0.0,0,20,0,0
76,391,2,76.81,0,0,1.0,0,22,0,0
77,897,52,63.28,0,0,0.0,0,14,0,0
78,406,49,87.9,1,1,2.0,1,31,0,1
79,897,11,27.05,0,0,16.0,1,53,0,23
80,897,79,53.45,0,1,26.0,1,33,1,3
81,406,78,72.49,0,0,11.0,0,30,1,0
82,406,32,69.65,1,1,0.0,0,12,0,0
83,406,67,61.25,1,0,9.0,1,35,0,5
84,770,70,70.85,1,1,20.0,1,55,2,25
85,897,52,41.97,0,1,0.0,0,14,0,0
86,770,72,49.71,1,1,7.0,1,37,0,7
87,391,39,72.65,0,1,5.0,0,22,0,0
88,406,49,73.73,0,1,2.0,0,6,1,0
89,406,25,66.13,1,0,23.0,1,39,0,9
90,406,40,80.71,0,1,2.0,0,1,0,0
91,406,40,72.85,1,1,2.0,0,14,0,0
92,818,26,88.5,1,1,2.0,0,22,0,0
93,391,71,68.53,1,0,7.0,1,38,0,8
94,818,44,60.6,1,1,20.0,1,32,1,2
95,818,23,45.56,0,0,0.0,0,5,0,0
96,770,17,31.38,0,1,2.0,0,24,0,0
97,391,28,56.37,0,0,0.0,0,21,0,0
98,818,23,58.78,0,1,0.0,0,0,0,0
99,406,32,62.68,1,1,0.0,0,19,0,0
100,770,60,76.69,0,1,5.0,0,22,1,0
101,391,39,60.0,0,1,5.0,0,25,0,0
102,770,72,37.82,0,1,7.0,0,22,1,0
103,897,90,29.93,0,0,3.0,0,19,0,0
104,391,15,26.83,0,1,16.0,1,39,1,9
105,897,82,32.95,0,1,1.0,0,3,0,0
106,391,21,73.9,0,1,0.0,0,1,0,0
107,770,50,62.95,0,0,1.0,0,26,0,0
108,818,26,71.98,1,1,2.0,0,27,0,0
109,406,63,51.6,0,1,0.0,0,18,0,0
110,897,82,34.12,1,1,1.0,0,19,0,0
111,391,28,57.34,0,0,0.0,0,25,0,0
112,406,40,39.51,0,0,2.0,0,18,0,0
113,391,57,86.74,0,0,25.0,1,46,1,16
114,406,36,77.46,0,1,3.0,0,20,0,0
115,391,41,55.81,0,0,15.0,0,25,1,0
116,406,63,66.28,0,1,0.0,0,15,0,0
117,391,2,55.21,0,0,1.0,0,17,0,0
118,391,84,65.83,0,0,7.0,1,50,0,20
119,770,33,80.31,0,0,25.0,1,38,0,8
120,770,72,40.54,0,1,7.0,0,20,1,0
121,770,6,41.44,0,0,10.0,1,36,0,6
122,770,58,36.29,0,0,14.0,1,37,1,7
123,770,20,60.22,1,0,1.0,1,37,0,7
124,391,89,59.71,0,1,1.0,0,14,0,0
125,897,53,54.74,1,0,0.0,0,22,0,0
126,406,49,76.34,1,1,2.0,0,26,1,0
127,897,11,37.81,0,1,16.0,1,35,1,5
128,897,52,8.27,0,1,0.0,0,11,0,0
129,391,76,64.4,0,1,11.0,1,31,1,1
130,770,3,32.86,0,0,14.0,1,33,0,3
131,770,62,32.17,0,0,23.0,1,40,0,10
132,897,99,28.77,0,0,23.0,1,37,0,7
133,391,56,57.86,0,0,0.0,0,18,0,0
134,406,42,57.78,0,1,20.0,0,28,0,0
135,406,38,90.22,0,0,9.0,0,20,0,0
136,391,51,65.49,0,0,1.0,0,23,0,0
137,391,41,57.88,0,0,15.0,1,42,1,12
138,391,19,65.01,0,0,0.0,0,22,0,0
139,406,18,79.51,0,0,14.0,1,46,1,16
140,406,78,85.5,0,1,11.0,0,14,1,0
141,897,52,39.33,1,1,0.0,0,29,0,0
142,770,60,62.26,0,1,5.0,0,17,1,0
143,406,95,116.78,1,1,13.0,0,21,1,0
144,770,33,73.77,1,1,25.0,1,45,1,15
145,818,81,37.38,1,1,22.0,1,35,1,5
146,818,45,60.8,0,0,8.0,0,25,0,0
147,770,33,102.98,0,0,25.0,1,32,2,2
148,406,35,70.02,0,0,13.0,1,32,0,2
149,897,5,36.09,0,1,32.0,1,48,1,18
150,897,99,14.94,1,0,23.0,1,45,1,15
151,391,41,46.63,0,0,15.0,0,30,2,0
152,391,7,10.92,0,0,11.0,1,40,0,10
153,818,81,42.76,1,0,22.0,1,40,2,10
154,391,98,50.97,0,0,2.0,0,22,0,0
155,391,89,73.59,0,1,1.0,0,8,0,0
156,770,100,46.61,0,1,17.0,1,38,0,8
157,406,32,60.14,0,1,0.0,0,6,0,0
158,391,21,56.09,0,1,0.0,0,3,0,0
159,391,7,61.07,0,0,11.0,0,26,1,0
160,406,35,90.34,0,0,13.0,1,32,1,2
161,818,26,77.79,1,1,2.0,0,30,0,0
162,818,55,76.5,1,1,9.0,1,45,1,15
163,406,73,44.09,0,1,17.0,1,41,0,11
164,770,17,35.67,0,0,2.0,0,27,0,0
165,897,68,23.62,0,1,5.0,0,24,0,0
166,770,86,50.95,0,0,5.0,0,24,0,0
167,770,86,64.18,0,0,5.0,0,25,0,0
168,406,36,49.01,0,1,3.0,0,25,0,0
169,391,9,94.57,1,1,18.0,1,32,2,2
170,818,81,26.37,0,1,22.0,0,21,3,0
171,391,71,63.36,0,0,7.0,0,18,1,0
172,391,15,43.18,0,1,16.0,0,29,2,0
173,391,51,92.57,0,1,1.0,0,12,0,0
174,818,81,52.14,0,1,22.0,0,25,3,0
175,391,46,68.35,0,1,2.0,0,11,0,0
176,818,77,69.82,0,1,7.0,0,17,1,0
177,406,42,75.65,1,0,20.0,1,40,0,10
178,818,75,57.38,1,0,26.0,1,42,0,12
179,391,15,57.37,0,1,16.0,0,26,2,0
180,818,47,94.42,0,0,6.0,0,21,2,0
181,818,13,82.74,0,0,20.0,1,49,0,19
182,770,64,67.74,0,1,2.0,0,17,0,0
183,770,14,49.73,0,1,1.0,0,10,0,0
184,818,88,85.06,0,0,19.0,0,26,0,0
185,406,67,48.17,1,1,9.0,0,29,1,0
186,770,100,66.25,1,1,17.0,1,42,1,12
187,406,95,124.38,1,1,13.0,0,28,1,0
188,818,88,76.09,1,0,19.0,1,43,0,13
189,406,67,65.67,1,0,9.0,0,30,1,0
190,391,80,73.49,0,1,0.0,0,2,0,0
191,406,40,67.34,0,0,2.0,0,17,0,0
192,406,12,56.39,0,1,15.0,0,26,0,0
193,406,67,54.99,1,0,9.0,1,34,1,4
194,897,24,76.71,1,0,5.0,1,47,0,17
195,770,58,41.94,1,0,14.0,1,41,2,11
196,818,75,80.68,1,0,26.0,1,44,1,14
197,818,48,71.71,0,0,0.0,0,20,0,0
198,897,11,42.36,0,1,16.0,1,33,2,3
199,897,79,61.04,0,1,26.0,1,37,2,7
200,391,89,53.91,0,1,1.0,0,15,0,0
201,770,4,53.01,0,0,5.0,0,25,0,0
202,770,58,59.71,0,0,14.0,1,32,3,2
203,406,40,94.88,0,1,2.0,0,2,0,0
204,770,43,43.12,1,1,13.0,1,35,0,5
205,897,5,40.58,0,1,32.0,1,39,2,9
206,770,4,64.16,1,1,5.0,1,41,0,11
207,391,87,74.7,0,0,8.0,0,23,3,0
208,818,44,63.8,1,1,20.0,1,49,2,19
209,406,42,86.27,1,0,20.0,1,42,1,12
210,818,77,65.36,1,1,7.0,1,36,1,6
211,406,38,65.9,0,0,9.0,1,32,0,2
212,406,25,66.71,1,1,23.0,1,41,1,11
213,770,50,18.9,1,1,1.0,0,30,0,0
214,406,35,76.18,1,1,13.0,0,23,2,0
215,406,96,33.82,0,1,4.0,0,18,0,0
216,391,89,48.18,0,1,1.0,0,20,0,0
217,406,42,102.61,1,0,20.0,1,48,2,18
218,391,61,49.68,0,0,14.0,1,36,0,6
219,391,39,77.6,0,0,5.0,1,35,0,5
220,897,82,19.82,0,1,1.0,0,4,0,0
221,391,57,76.18,0,1,25.0,1,36,2,6
222,406,40,72.95,1,0,2.0,1,36,0,6
223,391,9,93.39,1,1,18.0,1,41,3,11
224,406,8,43.67,0,0,20.0,1,41,0,11
225,391,39,65.6,0,0,5.0,1,36,1,6
226,391,2,69.55,0,0,1.0,0,22,0,0
227,406,49,73.92,0,0,2.0,0,5,1,0
228,818,45,46.17,0,1,8.0,0,14,0,0
229,391,46,82.2,0,0,2.0,0,19,0,0
230,897,99,41.25,1,0,23.0,1,43,2,13
231,770,86,23.92,0,0,5.0,1,33,0,3
232,818,55,71.39,1,1,9.0,1,38,2,8
233,391,41,37.97,1,0,15.0,1,48,2,18
234,406,49,86.44,1,0,2.0,0,22,1,0
235,406,63,92.77,0,1,0.0,0,12,0,0
236,770,30,53.05,0,1,19.0,0,26,2,0
237,818,77,74.84,1,0,7.0,1,36,2,6
238,406,67,97.06,1,0,9.0,0,30,2,0
239,897,54,6.43,0,0,2.0,0,16,0,0
240,406,32,84.43,1,1,0.0,0,29,0,0
241,770,58,51.92,0,1,14.0,0,25,4,0
242,770,3,68.35,0,0,14.0,0,30,1,0
243,406,59,73.87,0,0,2.0,0,23,0,0
244,770,17,73.28,0,1,2.0,0,20,0,0
245,391,41,64.78,0,0,15.0,1,31,3,1
246,818,47,84.43,0,0,6.0,0,18,2,0
247,391,27,102.96,0,0,6.0,0,28,1,0
248,818,88,72.55,1,0,19.0,1,49,1,19
249,406,83,59.8,0,1,5.0,0,26,1,0
250,391,9,78.29,1,0,18.0,1,39,4,9
251,770,50,49.84,0,1,1.0,0,17,0,0
252,391,71,64.3,0,0,7.0,0,27,1,0
253,406,73,59.67,0,0,17.0,1,34,1,4
254,897,5,30.98,0,1,32.0,1,38,3,8
255,818,74,49.03,0,1,6.0,0,23,0,0
256,406,63,85.36,0,1,0.0,0,19,0,0
257,406,35,99.34,0,0,13.0,1,33,2,3
258,391,2,57.04,0,1,1.0,0,14,0,0
259,406,35,58.13,1,0,13.0,1,41,3,11
260,770,33,72.05,1,0,25.0,1,54,3,24
261,406,73,72.1,0,1,17.0,0,28,2,0
262,770,6,39.62,0,0,10.0,1,47,1,17
263,897,5,45.79,0,0,32.0,1,51,4,21
264,818,88,86.92,1,0,19.0,1,41,2,11
265,391,46,58.73,0,0,2.0,1,35,0,5
266,770,30,83.66,0,0,19.0,1,40,2,10
267,897,99,33.86,0,0,23.0,1,35,3,5
268,897,11,26.05,1,0,16.0,1,60,3,30
269,391,51,65.57,0,0,1.0,0,18,0,0
270,406,63,67.19,0,1,0.0,0,14,0,0
271,818,26,70.86,1,1,2.0,0,27,0,0
272,391,39,37.22,0,1,5.0,0,20,2,0
273,406,85,11.13,0,0,19.0,1,36,1,6
274,391,41,79.09,0,0,15.0,0,30,4,0
275,897,10,57.0,0,0,2.0,0,20,0,0
276,770,62,52.67,0,1,23.0,1,37,1,7
277,818,37,75.54,1,1,13.0,1,32,2,2
278,406,8,71.78,0,0,20.0,0,30,1,0
279,897,66,20.8,0,0,1.0,0,20,0,0
280,897,90,53.85,0,1,3.0,0,19,0,0
281,391,71,91.89,0,0,7.0,0,25,1,0
282,770,86,48.02,0,0,5.0,1,35,1,5
283,770,93,20.23,0,1,12.0,0,30,1,0
284,406,25,86.1,1,0,23.0,1,45,2,15
285,770,64,60.64,0,1,2.0,0,22,0,0
286,897,99,41.96,1,0,23.0,1,42,4,12
287,391,89,64.81,0,1,1.0,0,17,0,0
288,391,56,85.33,0,1,0.0,0,9,0,0
289,818,88,75.18,0,0,19.0,1,32,3,2
290,406,83,84.81,1,1,5.0,0,29,1,0
291,406,35,68.57,1,0,13.0,1,42,4,12
292,897,99,46.73,0,1,23.0,0,30,5,0
293,770,72,30.4,0,1,7.0,0,20,1,0
294,391,15,42.29,0,1,16.0,0,24,2,0
295,818,44,74.11,1,1,20.0,1,39,3,9
296,818,23,27.53,0,0,0.0,0,5,0,0
297,406,35,97.75,0,1,13.0,0,19,5,0
298,897,52,71.35,0,0,0.0,0,20,0,0
299,818,45,55.99,0,0,8.0,0,29,0,0
300,391,27,58.71,1,0,6.0,1,33,1,3
301,391,39,61.73,0,1,5.0,0,23,2,0
302,897,79,51.35,0,0,26.0,1,42,3,12
303,897,91,74.75,1,1,0.0,0,10,0,0
304,818,23,60.55,0,0,0.0,0,8,0,0
305,391,51,61.84,0,0,1.0,0,17,0,0
306,818,47,96.74,1,0,6.0,1,44,2,14
307,818,44,67.08,1,1,20.0,1,41,4,11
308,770,50,82.4,0,0,1.0,0,24,0,0
309,391,27,92.18,1,0,6.0,1,35,2,5
310,391,16,47.86,0,0,5.0,1,42,0,12
311,818,74,58.32,0,1,6.0,1,35,0,5
312,770,86,25.73,0,0,5.0,0,29,2,0
313,406,67,87.51,1,0,9.0,0,24,2,0
314,818,74,79.05,0,1,6.0,0,23,1,0
315,770,3,43.09,0,0,14.0,0,24,1,0
316,770,93,47.48,0,0,12.0,1,46,1,16
317,770,4,41.89,0,0,5.0,0,22,1,0
318,897,10,49.96,1,0,2.0,1,45,0,15
319,406,42,57.12,0,0,20.0,1,32,3,2
320,406,59,72.88,0,1,2.0,0,13,0,0
321,897,29,41.29,0,0,15.0,1,40,0,10
322,406,92,54.5,0,1,17.0,0,25,1,0
323,818,22,46.05,0,0,2.0,0,22,0,0
324,770,86,45.31,0,0,5.0,0,30,2,0
325,391,16,56.42,0,0,5.0,0,21,1,0
326,818,74,58.4,0,1,6.0,0,30,1,0
327,406,92,92.35,0,1,17.0,1,31,1,1
328,391,27,59.32,0,0,6.0,0,22,3,0
329,406,34,72.18,1,0,15.0,1,46,1,16
330,406,25,48.64,1,0,23.0,1,32,3,2
331,897,94,58.21,0,0,0.0,0,19,0,0
332,818,45,76.03,0,1,8.0,0,12,0,0
333,770,31,60.93,0,0,0.0,0,15,0,0
334,818,23,58.41,0,0,0.0,0,5,0,0
335,818,88,90.0,0,0,19.0,0,21,4,0
336,818,74,41.84,0,1,6.0,0,26,1,0
337,770,31,61.54,0,1,0.0,0,11,0,0
338,897,5,28.51,0,1,32.0,1,40,5,10
339,897,29,52.38,0,1,15.0,1,35,1,5
340,818,75,53.11,0,0,26.0,1,35,2,5
341,391,57,80.31,0,0,25.0,1,42,3,12
342,391,7,58.68,0,1,11.0,0,19,1,0
343,406,36,80.5,0,1,3.0,0,15,0,0
344,818,77,75.11,0,0,7.0,0,22,3,0
345,770,3,27.0,0,1,14.0,0,26,1,0
346,770,60,76.8,0,0,5.0,1,33,1,3
347,406,49,78.83,0,1,2.0,0,1,1,0
348,391,41,53.13,0,0,15.0,1,34,4,4
349,391,28,56.44,0,1,0.0,0,16,0,0
350,391,2,61.11,0,0,1.0,0,21,0,0
351,391,19,81.25,0,0,0.0,0,22,0,0
352,406,25,70.1,1,0,23.0,1,45,4,15
353,391,61,80.14,0,1,14.0,0,23,1,0
354,897,94,72.17,0,0,0.0,0,19,0,0
355,406,40,72.19,0,1,2.0,0,7,1,0
356,391,9,94.19,1,1,18.0,0,22,5,0
357,897,11,28.07,0,1,16.0,0,29,4,0
358,391,21,51.52,0,1,0.0,0,9,0,0
359,391,71,72.62,0,1,7.0,0,9,1,0
360,770,86,22.47,0,0,5.0,0,28,2,0
361,818,69,40.68,1,0,0.0,0,21,0,0
362,818,47,63.76,0,0,6.0,0,26,3,0
363,770,62,61.86,0,1,23.0,0,29,2,0
364,406,38,70.42,0,0,9.0,0,16,1,0
365,391,89,53.99,0,1,1.0,0,19,0,0
366,391,89,45.2,0,1,1.0,0,17,0,0
367,770,4,48.08,0,0,5.0,0,16,1,0
368,897,5,25.19,0,1,32.0,1,45,6,15
369,391,46,69.11,0,0,2.0,0,17,1,0
370,770,20,49.13,0,1,1.0,0,5,1,0
371,818,75,66.88,1,0,26.0,1,51,3,21
372,391,57,46.29,0,1,25.0,1,31,4,1
373,406,85,45.6,1,0,19.0,1,55,2,25
374,818,23,24.33,0,0,0.0,0,3,0,0
375,391,57,66.92,0,1,25.0,1,38,5,8
376,391,84,78.25,0,0,7.0,1,44,1,14
377,897,99,19.23,0,0,23.0,0,24,5,0
378,406,85,67.72,0,0,19.0,0,27,3,0
379,818,77,53.51,0,1,7.0,0,19,3,0
380,818,45,56.57,0,0,8.0,1,31,0,1
381,391,21,71.85,0,1,0.0,0,4,0,0
382,391,65,85.35,0,0,2.0,0,21,0,0
383,406,25,49.97,1,1,23.0,1,33,5,3
384,391,27,63.48,0,0,6.0,0,25,3,0
385,770,33,76.79,1,0,25.0,1,53,4,23
386,897,24,28.22,0,0,5.0,0,27,1,0
387,391,51,72.26,0,0,1.0,0,17,0,0
388,406,35,75.55,0,1,13.0,0,9,5,0
389,391,98,65.96,0,1,2.0,0,22,0,0
390,391,9,107.94,1,1,18.0,0,29,5,0
391,818,75,83.15,1,0,26.0,1,47,4,17
392,897,53,31.9,0,0,0.0,0,3,0,0
393,897,66,28.78,0,0,1.0,0,23,0,0
394,818,23,61.52,0,0,0.0,0,6,0,0
395,770,43,57.14,1,0,13.0,1,42,1,12
396,406,35,80.27,0,0,13.0,0,15,5,0
397,818,37,93.99,1,0,13.0,0,29,3,0
398,897,91,68.48,0,1,0.0,0,1,0,0
399,770,30,65.55,0,1,19.0,1,36,3,6
400,770,86,51.13,0,1,5.0,0,25,2,0
401,391,87,63.58,0,1,8.0,0,19,3,0
402,818,47,59.28,0,0,6.0,0,15,3,0
403,391,2,78.57,1,1,1.0,0,26,0,0
404,391,39,49.75,0,1,5.0,0,16,2,0
405,818,45,87.55,1,0,8.0,0,30,1,0
406,897,82,22.01,0,1,1.0,0,10,0,0
407,406,36,77.71,0,1,3.0,0,24,0,0
408,391,98,41.99,0,0,2.0,0,28,0,0
409,897,11,54.23,0,1,16.0,0,28,4,0
410,406,42,100.63,0,0,20.0,1,34,4,4
411,770,43,44.04,0,1,13.0,0,25,2,0
412,770,62,27.63,0,0,23.0,1,52,2,22
413,897,11,45.08,0,0,16.0,1,36,4,6
414,391,51,76.21,0,0,1.0,0,27,0,0
415,391,71,54.27,1,0,7.0,1,44,1,14
416,770,64,82.98,0,0,2.0,1,36,0,6
417,406,12,88.36,0,1,15.0,1,36,0,6
418,391,9,83.49,1,1,18.0,0,26,5,0
419,897,91,66.16,0,1,0.0,0,1,0,0
420,897,11,47.42,0,0,16.0,1,39,5,9
421,391,39,62.28,0,1,5.0,0,19,2,0
422,770,14,60.93,0,0,1.0,0,18,0,0
423,391,65,63.67,0,0,2.0,0,23,0,0
424,406,49,72.42,0,1,2.0,0,5,1,0
425,391,21,82.41,0,1,0.0,0,6,0,0
426,897,94,62.32,0,0,0.0,0,27,0,0
427,391,87,73.09,0,1,8.0,0,13,3,0
428,818,77,92.1,0,1,7.0,0,14,3,0
429,391,80,85.33,0,0,0.0,0,7,0,0
430,406,95,86.44,1,1,13.0,1,33,1,3
431,406,97,40.38,1,1,0.0,0,17,0,0
432,391,16,67.38,1,0,5.0,0,29,1,0
433,391,41,48.75,0,0,15.0,0,30,5,0
434,391,71,71.68,0,0,7.0,0,24,2,0
435,406,96,49.46,0,1,4.0,0,22,0,0
436,897,79,36.97,0,1,26.0,0,22,4,0
437,391,7,51.45,1,0,11.0,1,41,1,11
438,406,78,61.6,1,1,11.0,0,29,1,0
439,770,3,61.0,0,0,14.0,1,35,1,5
440,406,92,75.19,0,1,17.0,1,32,2,2
441,897,79,71.72,0,0,26.0,1,37,4,7
442,770,60,88.99,1,1,5.0,1,34,2,4
443,406,8,81.1,0,0,20.0,1,34,1,4
444,391,57,79.52,0,1,25.0,0,29,6,0
445,391,1,84.57,0,0,0.0,0,9,0,0
446,406,35,72.09,0,1,13.0,0,18,5,0
447,897,99,75.39,1,1,23.0,1,42,5,12
448,770,70,41.7,0,1,20.0,1,37,3,7
449,897,54,8.36,1,0,2.0,0,27,0,0
450,391,51,76.85,0,1,1.0,0,13,0,0
451,818,81,51.66,1,1,22.0,1,35,3,5
452,897,10,65.5,0,0,2.0,0,23,1,0
453,406,35,62.43,0,0,13.0,0,29,5,0
454,897,99,46.33,1,0,23.0,1,34,6,4
455,391,76,42.61,0,1,11.0,0,25,2,0
456,406,32,78.44,0,1,0.0,0,1,0,0
457,897,91,72.93,1,1,0.0,0,15,0,0
458,770,31,48.65,0,0,0.0,0,15,0,0
459,818,23,56.28,0,1,0.0,0,2,0,0
460,818,81,59.56,1,0,22.0,1,54,4,24
461,406,40,44.76,1,0,2.0,1,31,1,1
462,770,93,44.56,0,1,12.0,1,33,2,3
463,406,96,56.25,1,1,4.0,1,38,0,8
464,406,35,86.04,0,1,13.0,0,18,5,0
465,406,40,68.35,0,0,2.0,0,16,2,0
466,897,54,8.03,0,0,2.0,0,15,0,0
467,897,29,57.09,0,0,15.0,1,49,2,19
468,770,62,61.86,1,1,23.0,1,49,3,19
469,391,46,81.47,0,1,2.0,0,12,1,0
470,770,31,56.21,0,0,0.0,0,23,0,0
471,391,87,57.12,0,1,8.0,0,23,3,0
472,391,39,64.99,0,0,5.0,0,22,2,0
473,897,5,43.07,1,1,32.0,1,59,7,29
474,391,84,72.69,0,0,7.0,0,28,2,0
475,770,86,46.06,0,1,5.0,0,23,2,0
476,406,73,65.45,0,0,17.0,1,33,2,3
477,391,76,61.58,0,1,11.0,0,16,2,0
478,897,82,23.5,0,0,1.0,0,12,0,0
479,391,65,61.71,0,0,2.0,1,32,0,2
480,391,84,61.2,0,0,7.0,0,30,2,0
481,406,8,61.13,0,0,20.0,1,47,2,17
482,770,62,45.0,0,0,23.0,1,39,4,9
483,770,62,43.06,0,1,23.0,1,32,5,2
484,897,82,7.55,1,0,1.0,0,26,0,0
485,897,79,62.35,0,1,26.0,1,38,5,8
486,406,38,78.22,1,0,9.0,1,38,1,8
487,406,78,67.76,1,1,11.0,0,30,1,0
488,818,13,44.91,0,1,20.0,1,44,1,14
489,406,97,56.51,1,0,0.0,0,26,0,0
490,406,59,68.17,0,1,2.0,0,15,0,0
491,818,45,87.89,0,0,8.0,0,22,1,0
492,406,67,59.99,1,0,9.0,0,29,2,0
493,406,49,75.54,0,1,2.0,0,4,1,0
494,897,94,8.63,0,1,0.0,0,19,0,0
495,770,70,60.87,0,1,20.0,1,31,4,1
496,897,90,51.05,0,0,3.0,0,29,0,0
497,406,42,89.46,0,0,20.0,1,35,5,5
498,770,33,61.86,1,0,25.0,1,50,5,20
499,391,89,51.56,0,1,1.0,0,18,0,0
500,897,99,29.51,0,0,23.0,1,37,7,7
501,406,59,63.82,0,1,2.0,0,20,0,0
502,818,74,45.35,0,1,6.0,0,23,1,0
503,770,86,67.27,0,0,5.0,0,14,2,0
504,406,49,76.72,1,1,2.0,0,20,1,0
505,406,67,74.43,1,0,9.0,1,37,2,7
506,818,26,67.5,1,1,2.0,0,21,0,0
507,818,81,57.63,1,0,22.0,1,52,5,22
508,391,27,80.32,1,1,6.0,1,36,3,6
509,770,43,22.06,1,1,13.0,1,37,2,7
510,818,81,38.37,0,0,22.0,1,32,6,2
511,406,36,78.74,0,1,3.0,0,29,0,0
512,897,90,31.96,0,0,3.0,1,31,0,1
513,391,80,69.97,0,0,0.0,0,10,0,0
514,406,95,74.95,1,1,13.0,1,34,2,4
515,391,76,62.12,0,1,11.0,1,36,2,6
516,391,46,62.58,0,1,2.0,0,21,1,0
517,897,90,47.82,0,0,3.0,0,21,1,0
518,897,90,57.07,0,0,3.0,0,22,1,0
519,818,48,56.17,0,0,0.0,0,14,0,0
520,818,77,83.02,0,1,7.0,0,23,3,0
521,818,13,73.1,0,0,20.0,1,49,2,19
522,406,32,92.36,0,1,0.0,0,4,0,0
523,406,85,22.09,0,0,19.0,1,41,3,11
524,406,92,114.54,0,1,17.0,1,35,3,5
525,391,9,79.79,1,1,18.0,1,36,5,6
526,818,45,73.71,0,0,8.0,0,23,1,0
527,406,85,55.55,0,0,19.0,1,36,4,6
528,818,74,67.34,0,1,6.0,1,34,1,4
529,406,97,68.89,1,0,0.0,0,28,0,0
530,391,71,60.46,0,1,7.0,0,18,2,0
531,770,93,61.06,0,1,12.0,0,27,3,0
532,818,13,66.32,0,1,20.0,1,41,3,11
533,391,28,49.51,0,1,0.0,0,12,0,0
534,897,29,20.55,0,0,15.0,0,16,3,0
535,770,86,43.26,0,1,5.0,0,14,2,0
536,897,24,24.39,1,1,5.0,1,37,1,7
537,391,89,64.35,0,1,1.0,0,10,0,0
538,406,40,98.88,0,1,2.0,0,3,2,0
539,818,81,40.38,0,0,22.0,1,32,7,2
540,406,97,56.54,1,1,0.0,0,18,0,0
541,770,3,43.41,1,0,14.0,1,50,2,20
542,391,57,92.76,0,0,25.0,1,42,6,12
543,391,61,67.69,0,1,14.0,0,26,1,0
544,818,55,47.07,1,0,9.0,0,28,3,0
545,897,91,76.74,1,1,0.0,0,15,0,0
546,770,86,45.61,0,0,5.0,0,22,2,0
547,391,80,71.46,0,0,0.0,0,13,0,0
548,406,34,50.22,1,1,15.0,0,30,2,0
549,770,33,32.97,0,0,25.0,1,38,6,8
550,770,62,51.32,0,1,23.0,1,48,6,18
551,897,79,74.89,0,1,26.0,0,30,6,0
552,391,39,45.71,0,1,5.0,0,23,2,0
553,897,79,56.21,0,1,26.0,1,33,6,3
554,770,6,35.7,0,1,10.0,0,21,2,0
555,770,100,52.07,0,1,17.0,1,31,2,1
556,770,50,21.4,0,1,1.0,0,9,0,0
557,406,78,62.78,1,1,11.0,1,40,1,10
558,391,89,47.21,1,1,1.0,1,33,0,3
559,770,64,72.83,0,0,2.0,0,27,1,0
560,406,95,87.43,1,1,13.0,1,43,3,13
561,770,62,40.9,0,1,23.0,1,38,7,8
562,818,75,70.59,1,0,26.0,1,46,5,16
563,406,67,70.07,1,0,9.0,1,37,3,7
564,897,66,52.76,0,1,1.0,0,14,0,0
565,897,53,27.29,0,1,0.0,0,2,0,0
566,406,25,66.12,1,0,23.0,1,42,6,12
567,818,22,51.65,0,0,2.0,0,15,0,0
568,818,74,27.37,0,1,6.0,0,25,2,0
569,897,11,51.91,1,1,16.0,1,38,6,8
570,770,43,49.24,1,1,13.0,1,34,3,4
571,818,26,48.47,1,1,2.0,1,34,0,4
572,406,96,67.96,0,1,4.0,0,11,1,0
573,818,47,59.86,0,0,6.0,0,24,3,0
574,406,67,77.43,1,1,9.0,0,23,4,0
575,391,9,54.56,0,1,18.0,0,19,6,0
576,818,88,61.2,0,0,19.0,0,30,4,0
577,406,40,65.57,0,1,2.0,0,5,2,0
578,770,58,35.87,0,1,14.0,1,31,4,1
579,897,5,9.19,0,1,32.0,1,57,8,27
580,391,16,60.62,0,1,5.0,0,17,1,0
581,818,47,69.22,0,0,6.0,0,14,3,0
582,897,52,48.18,0,0,0.0,0,15,0,0
583,770,86,52.46,0,0,5.0,1,31,2,1
584,406,95,92.71,1,1,13.0,0,24,4,0
585,406,25,80.3,1,1,23.0,1,41,7,11
586,818,81,42.0,0,0,22.0,0,23,8,0
587,770,58,41.56,0,0,14.0,1,38,5,8
588,406,97,67.4,1,0,0.0,0,13,0,0
589,406,42,86.72,0,0,20.0,1,46,6,16
590,897,10,39.18,0,0,2.0,0,19,1,0
591,818,22,83.74,1,0,2.0,0,30,0,0
592,818,13,63.45,0,0,20.0,1,46,4,16
593,406,67,52.7,1,1,9.0,0,30,4,0
594,770,72,82.42,1,1,7.0,1,36,1,6
595,897,66,59.17,0,1,1.0,0,23,0,0
596,897,68,45.11,0,1,5.0,0,17,0,0
597,818,81,64.19,0,1,22.0,0,22,8,0
598,406,49,76.33,0,1,2.0,0,5,1,0
599,818,81,49.51,0,1,22.0,1,36,8,6
600,391,84,64.66,0,0,7.0,0,29,2,0
601,897,54,34.22,1,0,2.0,1,41,0,11
602,406,78,73.57,0,1,11.0,0,14,2,0
603,897,91,25.05,0,0,0.0,0,11,0,0
604,897,52,25.7,0,1,0.0,0,9,0,0
605,406,38,74.62,0,0,9.0,0,23,2,0
606,770,30,74.09,0,0,19.0,1,36,4,6
607,770,58,48.7,1,1,14.0,1,40,6,10
608,770,33,80.76,1,0,25.0,1,39,7,9
609,770,50,42.59,0,1,1.0,0,20,0,0
610,818,77,69.78,0,0,7.0,0,26,3,0
611,770,60,64.12,0,1,5.0,0,14,3,0
612,406,83,53.18,0,1,5.0,0,20,1,0
613,818,74,59.53,0,1,6.0,0,22,2,0
614,770,33,75.16,1,0,25.0,1,64,8,34
615,897,53,45.31,1,0,0.0,0,16,0,0
616,770,3,63.0,0,1,14.0,0,26,3,0
617,391,56,94.71,0,1,0.0,0,14,0,0
618,406,32,77.41,0,1,0.0,0,6,0,0
619,406,49,82.56,0,1,2.0,0,4,1,0
620,818,47,72.36,1,0,6.0,1,46,3,16
621,406,63,73.82,0,1,0.0,0,13,0,0
622,897,94,79.06,0,0,0.0,0,20,0,0
623,897,24,39.88,0,0,5.0,0,28,2,0
624,391,46,36.1,0,1,2.0,0,12,1,0
625,818,47,81.26,0,0,6.0,0,23,4,0
626,770,43,44.33,0,0,13.0,1,32,4,2
627,406,18,90.62,0,1,14.0,1,35,2,5
628,897,66,34.57,0,0,1.0,0,23,0,0
629,391,9,92.25,1,0,18.0,1,33,6,3
630,391,76,55.82,0,1,11.0,0,24,3,0
631,818,44,55.54,1,1,20.0,1,45,5,15
632,391,51,83.21,0,0,1.0,0,23,0,0
633,770,72,63.17,0,0,7.0,0,26,2,0
634,406,73,78.05,1,1,17.0,1,48,3,18
635,391,41,76.12,1,0,15.0,1,41,5,11
636,391,98,68.58,0,1,2.0,0,20,0,0
637,770,31,77.61,0,1,0.0,0,11,0,0
638,897,79,54.43,0,1,26.0,1,37,7,7
639,391,28,46.32,0,1,0.0,0,14,0,0
640,818,81,36.96,0,0,22.0,0,28,9,0
641,406,96,52.88,0,1,4.0,0,19,1,0
642,770,100,56.53,0,1,17.0,1,37,3,7
643,818,75,46.86,0,0,26.0,1,34,6,4
644,818,88,99.82,1,0,19.0,1,40,4,10
645,770,43,14.53,0,1,13.0,0,26,5,0
646,391,27,88.56,0,1,6.0,0,10,4,0
647,818,75,67.35,1,0,26.0,1,55,7,25
648,391,21,54.18,0,1,0.0,0,5,0,0
649,770,100,49.68,0,1,17.0,1,33,4,3
650,406,38,51.86,0,0,9.0,0,26,2,0
651,391,28,84.54,0,0,0.0,0,24,0,0
652,406,59,93.7,0,1,2.0,0,20,0,0
653,770,64,56.24,0,1,2.0,0,21,1,0
654,897,66,30.08,0,0,1.0,0,22,0,0
655,897,5,55.16,1,1,32.0,1,62,9,32
656,406,73,38.81,0,1,17.0,1,35,4,5
657,770,50,43.07,0,1,1.0,0,14,0,0
658,391,16,96.31,0,0,5.0,0,25,1,0
659,818,26,83.13,1,1,2.0,0,23,1,0
660,818,55,57.35,0,1,9.0,0,12,3,0
661,391,16,77.98,0,1,5.0,0,17,1,0
662,406,49,77.08,1,1,2.0,0,18,1,0
663,406,25,60.14,1,1,23.0,1,32,8,2
664,406,78,88.19,0,1,11.0,0,25,2,0
665,391,19,55.93,1,1,0.0,0,21,0,0
666,897,94,52.05,0,0,0.0,0,17,0,0
667,897,5,23.05,0,1,32.0,1,41,10,11
668,818,45,50.79,1,0,8.0,1,42,1,12
669,406,34,64.32,1,1,15.0,1,31,2,1
670,391,2,61.66,0,1,1.0,0,17,0,0
671,391,61,56.03,0,0,14.0,0,26,1,0
672,770,33,62.63,0,0,25.0,1,34,9,4
673,897,10,26.8,0,0,2.0,0,21,1,0
674,770,20,55.33,0,1,1.0,0,10,1,0
675,897,94,45.13,0,0,0.0,0,25,0,0
676,818,69,49.9,0,1,0.0,0,4,0,0
677,406,73,87.78,0,0,17.0,1,35,5,5
678,391,71,89.14,0,0,7.0,0,26,2,0
679,406,38,79.74,0,0,9.0,0,22,2,0
680,391,7,62.85,0,0,11.0,1,35,2,5
681,406,78,50.37,0,1,11.0,0,20,2,0
682,391,39,54.07,0,1,5.0,0,16,2,0
683,391,9,61.48,0,0,18.0,0,29,7,0
684,391,21,61.45,0,1,0.0,0,4,0,0
685,391,89,74.25,0,0,1.0,0,16,1,0
686,770,50,33.36,0,1,1.0,0,16,0,0
687,818,75,68.21,1,0,26.0,1,44,8,14
688,406,85,49.59,0,0,19.0,1,35,5,5
689,770,100,45.75,0,1,17.0,1,34,5,4
690,406,92,95.94,0,0,17.0,1,41,4,11
691,391,28,90.41,0,1,0.0,0,17,0,0
692,391,57,76.49,0,1,25.0,0,29,7,0
693,406,83,67.41,0,1,5.0,0,24,1,0
694,391,7,56.29,0,1,11.0,0,30,3,0
695,818,45,66.06,1,0,8.0,1,47,2,17
696,770,60,52.53,0,0,5.0,0,24,3,0
697,897,66,12.7,0,0,1.0,0,28,0,0
698,391,65,74.22,0,0,2.0,0,23,1,0
699,897,66,41.76,0,0,1.0,1,33,0,3
700,391,61,66.75,0,0,14.0,1,46,1,16
701,391,9,92.16,1,1,18.0,1,34,7,4
702,406,63,67.71,0,0,0.0,0,24,0,0
703,818,37,91.26,0,1,13.0,0,22,3,0
704,818,55,98.73,0,1,9.0,0,17,3,0
705,391,9,76.07,0,1,18.0,0,12,8,0
706,897,52,36.62,1,1,0.0,0,24,0,0
707,770,64,59.78,0,1,2.0,0,30,1,0
708,818,69,57.21,1,0,0.0,0,18,0,0
709,406,78,60.35,1,1,11.0,1,36,2,6
710,770,70,72.5,1,1,20.0,1,53,5,23
711,897,94,32.28,0,0,0.0,0,14,0,0
712,818,23,39.35,0,0,0.0,0,5,0,0
713,391,46,53.09,0,1,2.0,0,10,1,0
714,406,38,61.41,0,0,9.0,0,22,2,0
715,897,5,36.6,0,1,32.0,1,35,11,5
716,391,56,56.5,0,1,0.0,0,7,0,0
717,818,22,70.5,0,0,2.0,0,24,0,0
718,818,88,99.85,1,0,19.0,1,58,5,28
719,897,82,7.47,0,1,1.0,0,5,0,0
720,897,10,82.63,0,0,2.0,0,22,1,0
721,391,46,50.34,0,1,2.0,0,15,1,0
722,770,58,35.74,0,1,14.0,0,19,7,0
723,897,66,34.89,0,1,1.0,0,21,1,0
724,406,83,103.67,0,1,5.0,0,21,1,0
725,770,72,57.96,1,1,7.0,1,47,2,17
726,391,2,28.21,0,0,1.0,0,16,0,0
727,391,56,56.03,0,0,0.0,0,12,0,0
728,818,77,92.03,0,1,7.0,0,26,3,0
729,391,61,75.55,0,0,14.0,0,28,2,0
730,406,67,45.51,0,0,9.0,0,17,4,0
731,770,14,103.54,1,1,1.0,0,29,0,0
732,897,90,68.41,0,0,3.0,0,27,1,0
733,818,37,86.41,1,0,13.0,1,32,3,2
734,818,13,79.37,0,0,20.0,1,41,5,11
735,818,81,37.17,1,1,22.0,1,43,9,13
736,391,19,56.56,0,0,0.0,0,13,0,0
737,770,100,83.95,0,1,17.0,1,36,6,6
738,391,2,47.08,0,1,1.0,0,10,0,0
739,406,96,51.34,0,1,4.0,0,17,1,0
740,391,56,83.68,0,0,0.0,0,15,0,0
741,391,87,53.79,0,0,8.0,1,31,3,1
742,818,22,64.54,0,0,2.0,0,19,0,0
743,406,35,94.62,0,0,13.0,0,19,5,0
744,770,62,34.7,0,1,23.0,1,33,8,3
745,406,78,53.38,1,1,11.0,1,43,3,13
746,770,70,56.82,0,1,20.0,1,32,6,2
747,406,85,58.69,1,0,19.0,1,60,6,30
748,391,84,89.68,0,0,7.0,1,32,2,2
749,818,77,91.59,1,1,7.0,0,30,3,0
750,818,55,86.83,0,1,9.0,0,22,3,0
751,818,75,56.01,1,0,26.0,0,30,9,0
752,391,84,69.99,0,0,7.0,0,29,3,0
753,406,67,90.54,1,1,9.0,0,29,4,0
754,897,82,13.06,0,0,1.0,0,12,0,0
755,818,26,36.21,1,1,2.0,0,30,1,0
756,391,61,36.23,0,0,14.0,0,23,2,0
757,897,82,51.6,0,1,1.0,0,8,0,0
758,897,90,46.49,0,0,3.0,0,30,1,0
759,770,14,70.66,1,1,1.0,0,26,0,0
760,897,90,48.87,0,0,3.0,0,21,1,0
761,897,82,25.41,0,0,1.0,0,8,0,0
762,391,16,75.21,0,0,5.0,0,30,1,0
763,770,86,65.81,0,0,5.0,0,25,3,0
764,818,55,78.0,0,0,9.0,0,18,3,0
765,818,74,56.48,0,1,6.0,0,28,2,0
766,406,40,78.91,0,0,2.0,0,15,2,0
767,391,76,82.2,0,1,11.0,0,29,3,0
768,897,90,65.43,0,0,3.0,0,21,1,0
769,406,78,37.02,1,1,11.0,0,26,4,0
770,770,20,41.72,0,1,1.0,0,3,1,0
771,391,71,53.74,0,0,7.0,0,27,2,0
772,770,50,32.59,0,0,1.0,0,18,0,0
773,818,44,71.86,0,1,20.0,1,38,6,8
774,770,30,79.28,0,0,19.0,1,38,5,8
775,391,28,90.91,0,1,0.0,0,20,0,0
776,406,67,79.02,1,0,9.0,0,29,4,0
777,406,49,88.58,1,1,2.0,0,24,1,0
778,818,26,72.88,1,1,2.0,0,18,1,0
779,770,60,62.24,0,0,5.0,0,29,3,0
780,391,15,61.93,0,1,16.0,1,48,2,18
781,897,68,23.04,0,1,5.0,0,26,0,0
782,818,48,65.51,0,0,0.0,0,20,0,0
783,406,63,61.57,0,1,0.0,0,16,0,0
784,818,26,96.64,1,1,2.0,0,16,1,0
785,897,99,19.01,1,0,23.0,1,43,8,13
786,818,75,32.86,0,0,26.0,1,41,9,11
787,818,55,60.52,0,0,9.0,0,22,3,0
788,770,64,89.44,0,1,2.0,0,22,1,0
789,391,80,46.32,0,0,0.0,0,9,0,0
790,391,19,52.5,0,1,0.0,0,8,0,0
791,818,77,62.67,1,1,7.0,1,34,3,4
792,818,22,100.08,0,0,2.0,0,30,0,0
793,770,33,84.71,1,0,25.0,1,37,10,7
794,406,85,29.25,0,0,19.0,1,31,7,1
795,391,57,94.19,0,1,25.0,1,34,7,4
796,391,71,77.84,0,0,7.0,0,22,2,0
797,406,32,63.56,0,1,0.0,0,4,0,0
798,391,27,35.23,0,1,6.0,0,23,4,0
799,770,33,45.59,0,0,25.0,1,34,11,4
800,770,31,76.44,0,1,0.0,0,11,0,0
801,770,70,68.06,0,1,20.0,0,27,7,0
802,770,70,63.08,1,1,20.0,1,44,7,14
803,770,86,42.57,0,1,5.0,0,25,3,0
804,770,72,14.63,0,1,7.0,0,26,3,0
805,770,100,32.77,0,1,17.0,1,32,7,2
806,406,83,57.55,0,0,5.0,1,31,1,1
807,897,99,49.68,1,1,23.0,1,50,9,20
808,391,19,89.31,0,0,0.0,0,19,0,0
809,406,42,47.54,0,0,20.0,1,38,7,8
810,391,9,82.6,1,1,18.0,1,34,8,4
811,406,8,84.75,0,0,20.0,1,42,3,12
812,897,54,7.11,0,0,2.0,0,16,1,0
813,391,89,77.73,0,1,1.0,0,12,1,0
814,897,66,21.24,0,0,1.0,0,24,1,0
815,406,95,72.6,0,1,13.0,0,9,4,0
816,770,50,28.84,0,0,1.0,0,24,0,0
817,770,14,61.79,1,1,1.0,0,20,0,0
818,406,59,77.76,0,1,2.0,0,20,0,0
819,391,65,79.65,0,0,2.0,0,17,1,0
820,391,41,53.36,0,0,15.0,0,29,6,0
821,770,93,68.97,0,1,12.0,0,26,3,0
822,391,7,36.09,0,1,11.0,0,21,3,0
823,391,56,102.41,0,1,0.0,0,7,0,0
824,818,26,81.7,1,1,2.0,0,27,1,0
825,406,8,104.52,0,0,20.0,1,41,4,11
826,818,75,49.7,0,0,26.0,1,32,10,2
827,391,7,62.73,0,1,11.0,0,23,3,0
828,391,51,65.37,0,1,1.0,0,14,0,0
829,406,38,56.93,0,0,9.0,0,18,2,0
830,406,92,52.54,0,1,17.0,1,36,5,6
831,770,20,44.75,0,0,1.0,0,17,1,0
832,406,35,63.48,0,1,13.0,0,26,5,0
833,818,55,61.03,0,1,9.0,0,14,3,0
834,897,82,26.16,1,0,1.0,0,26,0,0
835,818,75,49.31,1,0,26.0,1,49,11,19
836,897,82,13.88,0,1,1.0,0,5,0,0
837,897,79,57.78,0,0,26.0,1,37,8,7
838,818,13,58.17,0,0,20.0,1,50,6,20
839,391,9,56.54,0,0,18.0,0,23,9,0
840,818,47,65.6,0,1,6.0,0,14,4,0
841,770,14,68.98,0,1,1.0,0,11,0,0
842,391,2,50.7,0,0,1.0,0,13,0,0
843,406,63,87.82,0,0,0.0,0,22,0,0
844,391,65,62.24,0,0,2.0,0,26,1,0
845,391,76,58.03,0,1,11.0,0,30,3,0
846,406,63,79.26,0,1,0.0,0,7,0,0
847,897,66,23.63,0,1,1.0,0,6,1,0
848,770,33,50.47,0,0,25.0,1,35,12,5
849,391,21,75.82,0,1,0.0,0,4,0,0
850,770,58,52.26,0,0,14.0,1,38,7,8
851,391,28,66.01,0,1,0.0,0,12,0,0
852,818,26,84.39,1,1,2.0,0,27,1,0
853,406,32,81.27,0,1,0.0,0,4,0,0
854,391,51,88.47,0,0,1.0,0,26,0,0
855,818,48,38.6,0,0,0.0,0,18,0,0
856,818,45,87.48,1,0,8.0,1,36,3,6
857,406,95,40.03,1,1,13.0,0,27,4,0
858,770,100,58.83,0,1,17.0,1,33,8,3
859,406,78,63.12,0,0,11.0,0,30,4,0
860,770,86,63.02,0,1,5.0,0,20,3,0
861,391,27,43.67,0,1,6.0,0,15,4,0
862,391,87,66.82,0,1,8.0,0,24,4,0
863,897,99,38.06,0,0,23.0,0,26,10,0
864,897,68,47.44,0,1,5.0,0,29,0,0
865,406,40,88.74,1,1,2.0,0,20,2,0
866,391,80,64.95,0,0,0.0,0,13,0,0
867,818,55,65.28,0,1,9.0,0,14,3,0
868,897,54,24.77,0,0,2.0,0,13,1,0
869,391,76,74.59,0,1,11.0,0,30,3,0
870,406,92,107.04,0,1,17.0,1,32,6,2
871,391,51,55.36,0,0,1.0,0,22,0,0
872,770,70,56.36,0,1,20.0,1,39,8,9
873,897,66,50.58,0,0,1.0,0,16,1,0
874,770,6,57.2,0,1,10.0,1,35,2,5
875,391,76,63.39,0,1,11.0,0,27,3,0
876,391,7,40.49,0,0,11.0,0,20,3,0
877,770,64,77.53,0,0,2.0,1,36,1,6
878,770,93,44.48,0,1,12.0,0,25,3,0
879,391,61,51.86,0,0,14.0,1,31,2,1
880,406,25,59.64,1,0,23.0,1,41,9,11
881,770,4,50.17,0,1,5.0,0,17,1,0
882,391,84,60.64,0,0,7.0,1,33,3,3
883,406,42,67.26,0,1,20.0,0,25,8,0
884,391,84,48.93,0,0,7.0,0,25,4,0
885,406,78,71.65,0,1,11.0,0,23,4,0
886,770,100,54.16,0,1,17.0,0,27,9,0
887,770,4,64.44,0,0,5.0,0,30,1,0
888,897,90,65.19,0,0,3.0,0,22,1,0
889,391,61,39.67,0,0,14.0,1,36,3,6
890,897,54,30.47,0,0,2.0,0,16,1,0
891,770,20,29.64,0,0,1.0,0,13,1,0
892,897,54,10.23,0,0,2.0,0,16,1,0
893,391,7,67.83,1,0,11.0,1,31,3,1
894,406,42,92.94,0,0,20.0,1,46,8,16
895,897,79,29.34,0,0,26.0,1,42,9,12
896,391,46,44.71,0,1,2.0,0,12,1,0
897,406,36,63.1,0,1,3.0,0,22,0,0
898,897,52,48.03,0,0,0.0,0,17,0,0
899,897,5,33.37,0,1,32.0,1,43,12,13
900,406,78,74.05,0,1,11.0,0,14,4,0
901,897,82,14.09,0,1,1.0,0,9,0,0
902,818,69,55.6,1,1,0.0,0,23,0,0
903,770,86,37.88,0,1,5.0,0,12,3,0
904,818,13,47.82,0,1,20.0,1,39,7,9
905,391,2,62.88,0,1,1.0,0,6,0,0
906,406,97,49.21,0,1,0.0,0,4,0,0
907,818,88,88.84,1,0,19.0,1,63,6,33
908,391,7,70.82,0,0,11.0,0,30,4,0
909,406,35,84.42,0,0,13.0,0,28,5,0
910,897,54,10.76,0,0,2.0,0,14,1,0
911,897,68,8.22,0,1,5.0,0,22,0,0
912,406,8,62.27,0,0,20.0,1,32,5,2
913,391,27,34.86,0,0,6.0,0,26,4,0
914,406,38,71.79,0,0,9.0,1,35,2,5
915,818,44,49.71,1,1,20.0,1,42,7,12
916,391,80,70.91,0,1,0.0,0,6,0,0
917,391,21,81.62,0,1,0.0,0,5,0,0
918,391,28,58.57,0,0,0.0,0,25,0,0
919,770,17,55.73,0,0,2.0,1,32,0,2
920,406,97,32.88,1,0,0.0,0,15,0,0
921,770,60,36.55,0,1,5.0,0,20,3,0
922,770,100,66.38,0,1,17.0,1,38,9,8
923,818,81,10.73,0,0,22.0,0,18,10,0
924,391,51,58.05,0,0,1.0,0,25,0,0
925,406,12,62.66,0,0,15.0,1,43,1,13
926,391,65,66.46,0,0,2.0,0,20,1,0
927,897,91,29.7,0,0,0.0,0,7,0,0
928,897,53,48.25,0,0,0.0,0,2,0,0
929,770,14,37.13,0,1,1.0,0,14,0,0
930,897,5,9.52,0,1,32.0,1,38,13,8
931,406,25,59.83,1,1,23.0,1,34,10,4
932,770,3,58.71,0,0,14.0,0,28,3,0
933,406,97,29.85,1,0,0.0,0,21,0,0
934,391,2,48.65,1,0,1.0,1,47,0,17
935,770,62,35.48,0,1,23.0,1,43,9,13
936,770,86,42.28,0,0,5.0,1,32,3,2
937,406,36,83.7,0,0,3.0,0,22,0,0
938,406,73,58.43,0,1,17.0,1,31,6,1
939,406,59,85.06,0,1,2.0,0,16,0,0
940,406,34,70.89,1,0,15.0,1,46,3,16
941,897,99,45.18,0,1,23.0,1,34,10,4
942,770,43,21.94,1,1,13.0,1,46,5,16
943,406,12,55.78,0,0,15.0,1,38,2,8
944,391,28,69.03,0,1,0.0,0,18,0,0
945,406,83,90.34,1,1,5.0,1,46,2,16
946,406,18,69.8,0,0,14.0,1,43,3,13
947,406,83,51.96,0,1,5.0,0,29,3,0
948,391,19,84.26,0,0,0.0,0,21,0,0
949,897,5,22.9,0,1,32.0,1,48,14,18
950,818,37,58.35,1,0,13.0,1,45,4,15
951,391,21,65.25,0,1,0.0,0,7,0,0
952,391,27,39.66,0,0,6.0,0,23,4,0
953,897,5,35.3,0,0,32.0,1,49,15,19
954,897,90,63.43,0,0,3.0,0,23,1,0
955,770,100,45.8,0,1,17.0,1,35,10,5
956,406,36,89.06,0,1,3.0,0,21,0,0
957,818,45,70.07,1,0,8.0,1,38,4,8
958,770,6,29.37,0,1,10.0,0,28,3,0
959,897,5,46.4,0,1,32.0,1,45,16,15
960,406,8,72.87,1,0,20.0,1,57,6,27
961,406,73,103.11,1,1,17.0,1,51,7,21
962,406,96,65.71,0,1,4.0,0,16,1,0
963,770,43,52.94,1,1,13.0,1,45,6,15
964,897,24,50.86,0,1,5.0,0,21,2,0
965,897,66,30.74,0,0,1.0,0,24,1,0
966,391,98,36.33,0,1,2.0,0,26,0,0
967,391,39,75.06,0,1,5.0,0,20,2,0
968,770,4,37.9,0,0,5.0,0,15,1,0
969,406,95,107.04,1,1,13.0,1,33,4,3
970,391,9,74.5,1,1,18.0,1,36,9,6
971,770,6,35.02,0,0,10.0,1,37,3,7
972,406,35,100.16,1,1,13.0,1,41,5,11
973,406,85,68.66,1,0,19.0,1,48,8,18
974,770,58,46.28,0,0,14.0,0,29,8,0
975,406,96,61.19,1,0,4.0,1,41,1,11
976,818,74,43.28,0,1,6.0,1,31,2,1
977,391,15,27.0,0,1,16.0,1,32,3,2
978,391,41,86.59,0,0,15.0,1,32,6,2
979,391,89,63.26,0,0,1.0,0,15,1,0
980,391,51,69.85,0,0,1.0,1,32,0,2
981,770,17,11.36,0,1,2.0,0,24,1,0
982,818,74,58.85,0,1,6.0,0,30,3,0
983,770,17,39.24,0,1,2.0,0,23,1,0
984,770,86,25.83,0,0,5.0,0,29,4,0
985,406,40,58.56,0,0,2.0,0,12,2,0
986,391,76,71.8,0,1,11.0,0,25,3,0
987,770,93,84.38,0,1,12.0,1,41,3,11
988,391,51,69.48,0,1,1.0,0,18,1,0
989,897,94,28.37,0,0,0.0,0,11,0,0
990,897,79,43.31,0,1,26.0,1,38,10,8
991,391,1,62.68,1,0,0.0,0,27,0,0
992,406,83,97.63,0,1,5.0,0,24,3,0
993,897,68,37.93,0,1,5.0,1,33,0,3
994,406,83,77.9,0,1,5.0,0,26,3,0
995,818,45,81.37,1,0,8.0,1,43,5,13
996,897,94,51.0,0,1,0.0,0,17,0,0
997,406,12,71.41,0,0,15.0,0,30,3,0
998,770,58,74.41,0,0,14.0,0,27,8,0
999,391,87,60.84,0,1,8.0,0,21,4,0
1000,406,67,63.68,1,0,9.0,1,35,4,5
1001,391,1,65.26,1,0,0.0,0,19,0,0
1002,770,14,44.88,1,1,1.0,1,33,0,3
1003,897,68,32.36,0,1,5.0,1,34,1,4
1004,391,39,78.49,0,1,5.0,0,15,2,0
1005,406,97,46.62,1,1,0.0,0,16,0,0
1006,897,99,62.77,1,1,23.0,1,40,11,10
1007,818,22,58.79,0,0,2.0,0,21,0,0
1008,770,4,64.29,0,1,5.0,0,14,1,0
1009,391,39,60.32,0,0,5.0,0,21,2,0
1010,406,40,70.84,0,1,2.0,0,4,2,0
1011,770,50,36.86,0,0,1.0,1,31,0,1
1012,406,67,66.03,1,0,9.0,0,30,5,0
1013,391,98,46.25,0,0,2.0,1,39,0,9
1014,770,93,60.13,0,0,12.0,1,35,4,5
1015,406,35,80.69,1,0,13.0,1,42,6,12
1016,391,87,56.27,0,1,8.0,0,23,4,0
1017,770,33,64.4,0,0,25.0,1,37,13,7
1018,897,24,45.73,0,0,5.0,0,29,2,0
1019,897,91,80.59,0,1,0.0,0,2,0,0
1020,818,55,66.01,0,1,9.0,0,21,3,0
1021,818,37,89.43,1,0,13.0,1,35,5,5
1022,897,90,34.69,0,1,3.0,0,25,1,0
1023,818,75,74.55,1,0,26.0,1,47,12,17
1024,818,37,67.37,1,0,13.0,1,37,6,7
1025,818,26,81.21,1,1,2.0,0,19,1,0
1026,818,37,74.28,1,0,13.0,1,40,7,10
1027,406,35,49.64,0,1,13.0,0,11,7,0
1028,770,100,66.66,0,0,17.0,1,32,11,2
1029,406,83,69.29,0,1,5.0,0,24,3,0
1030,391,1,56.5,1,0,0.0,0,14,0,0
1031,406,97,41.19,1,1,0.0,0,16,0,0
1032,391,46,49.14,0,0,2.0,0,26,1,0
1033,406,78,88.67,1,1,11.0,0,29,4,0
1034,770,64,61.18,0,1,2.0,0,26,2,0
1035,391,56,74.41,0,0,0.0,0,15,0,0
1036,406,59,55.83,0,1,2.0,0,12,0,0
1037,770,6,16.78,0,0,10.0,1,34,4,4
1038,770,31,60.1,0,1,0.0,0,15,0,0
1039,818,26,82.38,1,1,2.0,1,34,1,4
1040,391,2,30.9,0,1,1.0,0,13,1,0
1041,897,52,49.39,0,0,0.0,0,14,0,0
1042,770,17,64.82,0,1,2.0,0,20,1,0
1043,897,99,26.37,0,0,23.0,0,28,12,0
1044,818,48,30.81,0,1,0.0,0,10,0,0
1045,818,77,87.67,1,1,7.0,1,35,4,5
1046,391,80,74.18,0,0,0.0,0,4,0,0
1047,406,96,59.78,0,1,4.0,0,14,2,0
1048,406,85,41.64,0,1,19.0,0,28,9,0
1049,818,55,58.64,0,0,9.0,1,36,3,6
1050,406,63,69.13,0,0,0.0,0,21,0,0
1051,818,74,35.32,0,1,6.0,0,29,3,0
1052,770,70,81.23,0,1,20.0,1,46,9,16
1053,770,72,56.86,1,1,7.0,1,36,3,6
1054,897,54,18.09,0,0,2.0,0,16,1,0
1055,770,3,22.53,1,0,14.0,1,40,3,10
1056,818,55,53.65,0,1,9.0,0,17,4,0
1057,391,89,48.85,0,1,1.0,0,19,1,0
1058,406,40,81.47,0,0,2.0,0,8,2,0
1059,897,53,25.05,0,0,0.0,0,3,0,0
1060,897,53,37.27,0,0,0.0,0,9,0,0
1061,406,42,61.7,0,0,20.0,1,36,9,6
1062,391,15,79.21,0,0,16.0,1,38,4,8
1063,406,83,42.45,0,1,5.0,0,14,3,0
1064,406,95,60.57,1,1,13.0,0,24,5,0
1065,391,65,61.42,0,0,2.0,0,21,1,0
1066,406,97,64.64,1,1,0.0,0,18,0,0
1067,897,79,92.5,0,1,26.0,1,36,11,6
1068,406,59,70.61,0,1,2.0,0,21,0,0
1069,391,46,52.8,0,0,2.0,0,16,1,0
1070,770,30,69.26,0,0,19.0,1,35,6,5
1071,770,72,27.62,1,1,7.0,1,33,4,3
1072,406,36,63.85,0,1,3.0,0,25,0,0
1073,391,9,73.06,1,0,18.0,0,26,10,0
1074,770,64,78.28,0,1,2.0,0,26,2,0
1075,406,67,55.53,1,0,9.0,1,31,5,1
1076,818,55,36.04,0,0,9.0,0,27,4,0
1077,770,70,94.52,1,1,20.0,1,54,10,24
1078,391,61,75.44,0,0,14.0,0,28,4,0
1079,897,91,32.62,0,1,0.0,0,1,0,0
1080,897,68,24.6,0,1,5.0,0,15,2,0
1081,406,73,83.08,0,0,17.0,1,42,8,12
1082,897,82,38.85,0,0,1.0,0,8,0,0
1083,818,55,92.65,1,1,9.0,1,31,4,1
1084,770,93,68.28,0,1,12.0,1,34,5,4
1085,770,20,27.34,0,1,1.0,0,10,1,0
1086,897,11,72.29,0,1,16.0,1,32,7,2
1087,391,51,81.87,0,0,1.0,0,25,1,0
1088,818,88,72.13,1,0,19.0,1,39,7,9
1089,391,65,56.67,0,0,2.0,0,14,1,0
1090,770,93,44.81,0,1,12.0,0,29,6,0
1091,406,42,81.37,1,0,20.0,1,49,10,19
1092,897,82,23.32,0,1,1.0,0,7,0,0
1093,406,73,44.14,0,1,17.0,1,34,9,4
1094,770,33,64.44,0,0,25.0,1,33,14,3
1095,770,33,75.29,1,0,25.0,1,46,15,16
1096,897,5,49.62,0,0,32.0,1,48,17,18
1097,391,7,81.77,1,1,11.0,1,39,4,9
1098,391,76,70.87,0,1,11.0,0,26,3,0
1099,391,89,66.23,0,1,1.0,0,9,1,0
1100,406,18,69.42,1,0,14.0,1,60,4,30
1101,770,58,42.16,1,0,14.0,1,53,8,23
1102,897,10,57.17,0,0,2.0,0,24,1,0
1103,770,72,41.41,1,1,7.0,0,28,5,0
1104,391,46,63.33,0,1,2.0,0,12,1,0
1105,391,27,43.79,0,1,6.0,0,16,4,0
1106,818,47,69.93,0,0,6.0,0,19,4,0
1107,406,59,87.68,0,1,2.0,0,17,0,0
1108,770,3,70.67,0,0,14.0,0,30,4,0
1109,897,53,15.86,0,1,0.0,0,2,0,0
1110,897,91,41.52,0,0,0.0,0,7,0,0
1111,391,87,87.31,0,1,8.0,0,16,4,0
1112,391,41,68.24,0,0,15.0,1,39,7,9
1113,391,16,91.82,0,0,5.0,0,30,1,0
1114,406,92,84.98,0,1,17.0,1,36,7,6
1115,406,49,71.96,1,1,2.0,0,26,1,0
1116,770,70,60.3,0,1,20.0,1,32,11,2
1117,406,97,49.25,1,0,0.0,0,19,0,0
1118,770,31,47.33,0,1,0.0,0,14,0,0
1119,391,65,91.37,0,0,2.0,0,13,1,0
1120,406,36,72.07,0,1,3.0,0,23,0,0
1121,391,15,85.2,0,1,16.0,1,32,5,2
1122,897,90,49.41,0,0,3.0,0,29,1,0
1123,406,38,72.0,0,0,9.0,0,24,3,0
1124,391,84,69.46,0,0,7.0,1,38,4,8
1125,770,3,55.91,0,0,14.0,1,31,4,1
1126,406,42,67.52,0,0,20.0,1,31,11,1
1127,770,70,84.78,0,1,20.0,1,39,12,9
1128,406,95,84.38,1,1,13.0,0,20,5,0
1129,391,46,61.95,0,0,2.0,0,22,1,0
1130,818,75,58.52,1,0,26.0,1,47,13,17
1131,770,86,56.53,0,0,5.0,0,24,4,0
1132,391,9,94.16,1,0,18.0,1,31,10,1
1133,406,32,72.88,1,1,0.0,0,19,0,0
1134,391,7,50.28,0,1,11.0,0,17,5,0
1135,770,60,52.6,0,1,5.0,0,13,3,0
1136,391,76,50.8,0,1,11.0,0,28,3,0
1137,770,60,78.36,0,0,5.0,1,31,3,1
1138,818,74,62.86,1,1,6.0,1,56,3,26
1139,770,50,53.39,0,1,1.0,0,15,1,0
1140,391,57,58.73,0,0,25.0,1,43,8,13
1141,770,6,23.81,0,1,10.0,0,21,5,0
1142,406,38,82.64,0,0,9.0,0,26,3,0
1143,770,30,89.9,0,0,19.0,1,41,7,11
1144,818,88,68.42,1,0,19.0,1,46,8,16
1145,391,98,51.83,0,1,2.0,0,21,1,0
1146,818,47,109.96,1,1,6.0,0,29,4,0
1147,391,65,42.35,0,0,2.0,1,33,1,3
1148,391,19,47.07,0,0,0.0,0,19,0,0
1149,770,4,55.8,0,0,5.0,0,23,1,0
1150,770,62,79.37,1,1,23.0,1,41,10,11
1151,818,47,56.47,1,0,6.0,0,27,4,0
1152,897,66,26.14,0,0,1.0,0,30,1,0
1153,406,95,64.05,1,1,13.0,0,28,5,0
1154,406,96,43.82,0,1,4.0,0,17,2,0
1155,770,6,39.25,0,0,10.0,1,32,5,2
1156,391,9,83.59,1,1,18.0,1,35,11,5
1157,770,20,84.13,0,0,1.0,0,12,1,0
1158,897,10,40.48,0,0,2.0,0,23,1,0
1159,391,98,32.24,0,0,2.0,0,24,1,0
1160,391,15,68.08,0,0,16.0,1,46,6,16
1161,818,47,78.83,0,1,6.0,0,10,4,0
1162,770,60,72.67,0,1,5.0,0,8,4,0
1163,391,89,49.08,0,1,1.0,0,19,1,0
1164,770,14,45.41,0,0,1.0,0,16,1,0
1165,391,19,78.09,0,0,0.0,0,21,0,0
1166,897,82,12.62,0,1,1.0,0,8,0,0
1167,897,24,41.38,0,0,5.0,0,24,2,0
1168,391,76,52.87,0,1,11.0,0,27,3,0
1169,770,86,36.93,0,0,5.0,0,25,4,0
1170,770,72,40.69,0,1,7.0,0,16,5,0
1171,770,20,73.15,0,1,1.0,0,7,1,0
1172,897,52,34.5,0,0,0.0,0,17,0,0
1173,770,4,74.49,0,0,5.0,0,24,1,0
1174,897,91,53.33,0,0,0.0,0,11,0,0
1175,391,65,89.35,0,0,2.0,0,11,2,0
1176,406,49,71.45,1,1,2.0,0,16,1,0
1177,770,17,25.66,0,0,2.0,0,28,1,0
1178,770,4,70.6,0,0,5.0,1,32,1,2
1179,818,23,32.87,0,1,0.0,0,2,0,0
1180,770,4,39.69,0,0,5.0,1,31,2,1
1181,818,22,77.54,0,0,2.0,0,30,0,0
1182,897,10,47.08,0,0,2.0,0,11,1,0
1183,897,53,22.93,0,1,0.0,0,3,0,0
1184,770,100,54.42,0,1,17.0,1,31,12,1
1185,818,81,10.94,0,0,22.0,0,22,10,0
1186,391,57,89.07,0,1,25.0,1,34,9,4
1187,406,83,84.87,0,1,5.0,0,18,3,0
1188,406,8,107.11,0,0,20.0,1,38,7,8
1189,391,1,86.92,0,0,0.0,0,5,0,0
1190,818,23,59.17,0,0,0.0,0,3,0,0
1191,406,78,42.87,0,1,11.0,0,16,4,0
1192,406,38,46.24,0,0,9.0,0,15,3,0
1193,406,83,43.74,0,1,5.0,0,29,3,0
1194,770,70,51.31,0,1,20.0,1,43,13,13
1195,406,59,80.87,0,1,2.0,0,18,0,0
1196,770,3,28.95,1,0,14.0,1,45,5,15
1197,391,65,80.71,0,0,2.0,0,18,2,0
1198,770,86,38.59,0,0,5.0,0,30,4,0
1199,391,28,58.49,0,1,0.0,0,10,0,0
1200,406,38,76.68,0,0,9.0,0,17,3,0
1201,897,82,24.59,0,0,1.0,0,8,0,0
1202,406,38,52.57,1,0,9.0,1,33,3,3
1203,770,43,36.26,0,1,13.0,0,29,7,0
1204,818,69,70.57,1,0,0.0,0,19,0,0
1205,818,22,59.07,0,1,2.0,0,9,0,0
1206,770,31,37.24,0,0,0.0,0,16,0,0
1207,391,19,73.61,0,1,0.0,0,11,0,0
1208,391,76,104.02,0,1,11.0,1,36,3,6
1209,391,89,82.21,0,1,1.0,0,11,1,0
1210,391,19,60.19,0,0,0.0,0,23,0,0
1211,770,60,47.99,0,0,5.0,1,31,4,1
1212,406,42,98.88,1,0,20.0,1,48,12,18
1213,770,70,72.09,0,1,20.0,1,44,14,14
1214,818,75,58.99,1,0,26.0,1,42,14,12
1215,897,68,46.03,0,1,5.0,0,23,2,0
1216,391,89,66.55,0,1,1.0,0,23,1,0
1217,391,28,91.34,0,1,0.0,0,8,0,0
1218,391,89,53.69,0,0,1.0,0,20,1,0
1219,406,40,89.67,1,0,2.0,0,26,2,0
1220,391,1,59.0,0,0,0.0,0,13,0,0
1221,770,100,78.92,0,0,17.0,0,29,13,0
1222,406,32,62.96,0,1,0.0,0,2,0,0
1223,770,20,54.66,0,0,1.0,0,19,1,0
1224,391,89,58.85,0,0,1.0,0,19,1,0
1225,770,31,88.48,1,1,0.0,0,26,0,0
1226,897,99,47.13,1,1,23.0,1,39,12,9
1227,818,44,53.8,0,1,20.0,1,36,8,6
1228,391,41,65.27,0,0,15.0,0,24,8,0
1229,818,55,54.82,0,0,9.0,0,27,5,0
1230,391,51,85.64,0,0,1.0,0,26,1,0
1231,897,99,32.02,0,1,23.0,0,21,13,0
1232,897,94,67.82,0,0,0.0,0,20,0,0
1233,406,97,56.56,1,1,0.0,0,11,0,0
1234,770,93,53.66,0,0,12.0,1,47,6,17
1235,391,76,93.36,0,1,11.0,0,30,4,0
1236,897,90,51.81,0,0,3.0,0,29,1,0
1237,818,81,7.45,0,0,22.0,1,40,10,10
1238,406,59,47.52,0,1,2.0,0,23,0,0
1239,818,88,66.07,0,0,19.0,1,34,9,4
1240,818,44,49.62,1,0,20.0,1,57,9,27
1241,406,85,47.33,0,1,19.0,0,23,9,0
1242,391,51,68.64,0,1,1.0,0,14,1,0
1243,391,57,56.99,0,1,25.0,0,25,10,0
1244,770,100,38.61,0,1,17.0,1,32,13,2
1245,897,29,10.64,0,0,15.0,0,20,3,0
1246,818,74,61.9,0,1,6.0,0,26,4,0
1247,406,85,48.73,0,0,19.0,1,39,9,9
1248,391,71,63.03,1,0,7.0,1,38,2,8
1249,897,5,25.38,0,1,32.0,0,30,18,0
1250,818,69,44.25,0,1,0.0,0,5,0,0
1251,391,65,94.38,0,0,2.0,0,20,2,0
1252,897,91,52.9,0,0,0.0,0,3,0,0
1253,770,62,89.96,1,1,23.0,1,51,11,21
1254,897,94,57.14,0,0,0.0,0,20,0,0
1255,406,34,64.04,1,0,15.0,1,53,4,23
1256,770,100,34.63,0,1,17.0,0,24,14,0
1257,770,86,34.65,0,1,5.0,0,17,4,0
1258,391,87,66.8,0,0,8.0,0,30,4,0
1259,770,17,82.34,0,1,2.0,0,15,1,0
1260,391,46,53.12,0,1,2.0,0,21,1,0
1261,406,49,68.2,1,1,2.0,0,16,1,0
1262,818,13,77.66,0,1,20.0,1,35,8,5
1263,770,58,71.5,1,0,14.0,1,60,9,30
1264,897,54,46.49,1,0,2.0,0,30,1,0
1265,391,2,42.25,0,0,1.0,0,16,1,0
1266,897,11,53.95,1,0,16.0,1,59,8,29
1267,770,86,46.53,0,1,5.0,0,21,4,0
1268,391,39,45.8,0,1,5.0,0,11,2,0
1269,897,53,22.0,0,1,0.0,0,2,0,0
1270,770,20,62.58,0,1,1.0,0,11,1,0
1271,897,79,40.94,0,1,26.0,0,27,12,0
1272,770,17,37.25,0,1,2.0,0,26,1,0
1273,818,69,57.04,0,1,0.0,0,2,0,0
1274,391,39,69.22,0,1,5.0,0,13,2,0
1275,391,21,83.15,0,1,0.0,0,9,0,0
1276,406,12,58.35,0,1,15.0,0,22,3,0
1277,818,81,16.58,0,1,22.0,0,23,11,0
1278,897,11,40.66,0,1,16.0,1,43,9,13
1279,391,57,55.37,0,0,25.0,1,44,10,14
1280,391,56,68.88,0,1,0.0,0,6,0,0
1281,391,27,50.63,0,1,6.0,0,14,4,0
1282,818,81,27.84,1,1,22.0,1,40,11,10
1283,391,9,101.93,1,1,18.0,1,33,12,3
1284,770,31,54.2,0,1,0.0,0,12,0,0
1285,391,9,73.57,1,1,18.0,0,30,13,0
1286,818,26,45.02,0,1,2.0,0,6,2,0
1287,406,25,76.89,1,1,23.0,0,24,11,0
1288,818,22,60.86,0,0,2.0,0,28,0,0
1289,406,59,60.25,0,1,2.0,0,18,0,0
1290,897,82,38.97,0,0,1.0,0,12,0,0
1291,770,20,62.66,0,0,1.0,0,11,1,0
1292,818,88,58.19,0,0,19.0,1,35,10,5
1293,818,22,51.6,0,0,2.0,0,17,0,0
1294,818,22,70.47,0,0,2.0,0,30,0,0
1295,818,26,64.53,1,1,2.0,0,21,2,0
1296,391,19,59.78,0,0,0.0,0,20,0,0
1297,391,71,56.2,1,0,7.0,1,37,3,7
1298,897,66,47.75,0,0,1.0,0,24,1,0
1299,406,92,83.24,0,1,17.0,1,40,8,10
1300,391,1,77.19,0,1,0.0,0,3,0,0
1301,391,41,59.21,0,0,15.0,1,38,8,8
1302,897,24,46.31,1,0,5.0,0,28,2,0
1303,897,53,61.24,0,1,0.0,0,1,0,0
1304,770,93,60.46,0,1,12.0,1,31,7,1
1305,897,91,73.32,0,0,0.0,0,4,0,0
1306,897,66,34.58,0,0,1.0,0,19,1,0
1307,406,25,64.74,1,1,23.0,1,37,11,7
1308,406,25,85.22,1,0,23.0,1,41,12,11
1309,818,74,60.57,0,1,6.0,0,26,4,0
1310,897,5,41.31,0,1,32.0,1,45,18,15
1311,391,80,70.13,0,0,0.0,0,9,0,0
1312,391,56,68.47,0,1,0.0,0,12,0,0
1313,818,75,85.3,1,0,26.0,1,55,15,25
1314,818,77,63.58,0,1,7.0,0,20,5,0
1315,770,62,87.1,0,0,23.0,1,45,12,15
1316,391,65,73.84,0,0,2.0,0,26,2,0
1317,391,46,61.19,0,1,2.0,0,13,1,0
1318,391,80,95.99,0,0,0.0,0,15,0,0
1319,770,20,57.88,0,0,1.0,0,5,1,0
1320,406,34,65.61,1,0,15.0,1,39,5,9
1321,406,92,98.35,0,1,17.0,1,34,9,4
1322,391,9,96.6,0,0,18.0,0,25,13,0
1323,406,67,60.57,1,1,9.0,0,20,6,0
1324,818,37,84.15,1,0,13.0,1,42,8,12
1325,391,27,65.75,0,0,6.0,0,27,4,0
1326,406,49,96.48,0,0,2.0,0,6,1,0
1327,818,88,87.0,1,0,19.0,1,64,11,34
1328,770,58,57.07,0,0,14.0,0,29,10,0
1329,897,29,53.81,1,0,15.0,1,49,3,19
1330,391,15,24.25,0,0,16.0,1,45,7,15
1331,391,51,80.85,0,1,1.0,0,11,1,0
1332,391,39,65.47,0,1,5.0,0,22,2,0
1333,406,8,58.58,0,0,20.0,1,31,8,1
1334,406,59,62.4,0,1,2.0,0,25,0,0
1335,818,13,51.64,0,1,20.0,1,40,9,10
1336,406,85,37.19,0,0,19.0,1,37,10,7
1337,406,32,73.08,0,1,0.0,0,1,0,0
1338,770,3,39.87,1,0,14.0,1,48,6,18
1339,897,99,42.86,1,0,23.0,1,52,13,22
1340,406,25,73.99,1,1,23.0,0,27,13,0
1341,770,43,37.08,1,0,13.0,1,35,7,5
1342,897,79,62.83,0,1,26.0,0,27,12,0
1343,770,43,34.36,0,1,13.0,0,16,8,0
1344,391,57,81.59,0,1,25.0,1,39,11,9
1345,391,65,78.59,0,0,2.0,0,23,2,0
1346,770,4,69.85,0,0,5.0,1,32,3,2
1347,406,92,70.98,0,1,17.0,1,37,10,7
1348,406,35,97.42,0,1,13.0,0,24,7,0
1349,406,8,50.55,1,0,20.0,1,43,9,13
1350,391,76,62.64,0,1,11.0,1,34,4,4
1351,770,64,100.51,0,1,2.0,0,27,2,0
1352,391,21,73.62,0,1,0.0,0,5,0,0
1353,391,80,98.83,0,1,0.0,0,3,0,0
1354,406,78,51.2,0,1,11.0,0,15,4,0
1355,406,36,70.29,0,1,3.0,0,23,0,0
1356,406,59,74.56,0,1,2.0,0,19,0,0
1357,770,30,74.47,0,0,19.0,1,45,8,15
1358,406,95,109.81,1,1,13.0,0,24,5,0
1359,406,42,84.31,0,1,20.0,0,24,13,0
1360,406,97,48.87,1,1,0.0,0,9,0,0
1361,770,70,30.06,0,1,20.0,1,36,15,6
1362,770,64,83.32,0,1,2.0,0,14,2,0
1363,770,3,59.34,1,0,14.0,1,51,7,21
1364,406,35,95.58,0,0,13.0,0,30,7,0
1365,391,76,46.0,0,1,11.0,0,25,5,0
1366,406,12,61.2,0,1,15.0,1,39,3,9
1367,391,9,89.97,1,1,18.0,1,33,13,3
1368,770,4,44.4,0,1,5.0,0,27,4,0
1369,818,47,96.58,0,0,6.0,0,15,4,0
1370,406,8,59.36,0,0,20.0,1,41,10,11
1371,818,55,77.24,0,1,9.0,0,19,5,0
1372,406,8,50.69,1,0,20.0,1,44,11,14
1373,406,73,43.77,0,0,17.0,1,41,10,11
1374,406,32,72.2,0,1,0.0,0,3,0,0
1375,818,23,71.02,0,1,0.0,0,0,0,0
1376,818,47,61.46,0,0,6.0,0,20,4,0
1377,391,71,72.94,0,0,7.0,1,31,4,1
1378,406,59,67.51,0,1,2.0,0,15,0,0
1379,391,16,53.73,0,0,5.0,1,38,1,8
1380,818,47,76.69,0,1,6.0,0,14,4,0
1381,818,48,70.9,0,0,0.0,0,20,0,0
1382,818,69,69.4,0,0,0.0,0,13,0,0
1383,818,44,72.82,1,1,20.0,1,53,10,23
1384,406,59,59.25,0,1,2.0,0,18,0,0
1385,406,49,92.96,0,1,2.0,0,6,1,0
1386,818,74,75.07,0,1,6.0,0,27,4,0
1387,770,70,55.22,0,1,20.0,0,28,16,0
1388,897,5,34.75,0,1,32.0,1,53,19,23
1389,391,87,68.81,1,0,8.0,1,52,4,22
1390,770,60,57.24,0,1,5.0,0,23,5,0
1391,770,93,54.49,0,1,12.0,0,29,8,0
1392,818,48,64.27,0,0,0.0,0,17,0,0
1393,897,54,7.33,0,0,2.0,0,24,1,0
1394,406,35,42.37,0,1,13.0,0,23,7,0
1395,391,51,68.97,0,1,1.0,0,16,1,0
1396,770,86,36.26,0,1,5.0,0,23,4,0
1397,770,33,59.6,1,0,25.0,1,33,16,3
1398,770,6,25.78,0,0,10.0,0,25,6,0
1399,818,13,52.62,0,0,20.0,1,45,10,15
1400,897,24,64.44,1,0,5.0,1,32,2,2
1401,391,51,85.52,0,1,1.0,0,21,1,0
1402,818,74,51.94,0,1,6.0,1,32,4,2
1403,818,13,59.91,0,0,20.0,1,44,11,14
1404,406,18,89.05,0,0,14.0,1,52,5,22
1405,406,59,71.7,0,1,2.0,0,20,0,0
1406,391,56,70.51,0,1,0.0,0,11,0,0
1407,406,12,55.14,0,1,15.0,0,30,4,0
1408,770,50,58.36,0,1,1.0,0,12,1,0
1409,391,61,55.88,0,0,14.0,1,41,4,11
1410,406,35,66.54,1,0,13.0,1,39,7,9
1411,406,12,77.33,0,1,15.0,1,31,4,1
1412,406,36,94.97,0,0,3.0,1,32,0,2
1413,391,1,83.18,1,1,0.0,0,13,0,0
1414,406,95,72.32,1,1,13.0,1,44,5,14
1415,897,91,51.43,0,0,0.0,0,5,0,0
1416,897,29,35.32,1,0,15.0,1,48,4,18
1417,406,32,73.09,0,1,0.0,0,3,0,0
1418,818,26,63.97,0,1,2.0,0,12,2,0
1419,406,8,57.26,0,0,20.0,1,37,12,7
1420,770,4,62.84,0,0,5.0,0,24,4,0
1421,391,89,24.91,0,1,1.0,0,13,1,0
1422,391,2,34.41,0,0,1.0,0,18,1,0
1423,770,20,47.64,0,0,1.0,0,14,1,0
1424,770,14,55.16,0,1,1.0,0,9,1,0
1425,406,40,82.19,0,1,2.0,0,4,2,0
1426,897,82,29.41,0,0,1.0,0,16,0,0
1427,897,11,64.29,1,1,16.0,1,46,10,16
1428,391,57,105.25,0,1,25.0,1,31,12,1
1429,770,20,32.78,0,0,1.0,0,12,1,0
1430,770,4,81.63,0,0,5.0,0,22,4,0
1431,406,18,67.51,0,0,14.0,1,57,6,27
1432,770,30,73.9,0,0,19.0,1,32,9,2
1433,406,59,71.66,0,0,2.0,1,31,0,1
1434,770,86,56.1,0,0,5.0,0,29,4,0
1435,770,4,62.39,0,0,5.0,0,30,4,0
1436,770,30,56.31,0,1,19.0,0,25,10,0
1437,897,24,44.79,1,0,5.0,1,37,3,7
1438,897,90,52.53,0,0,3.0,1,33,1,3
1439,391,39,55.1,0,1,5.0,0,21,2,0
1440,770,60,64.89,0,0,5.0,0,19,5,0
1441,770,70,48.42,1,1,20.0,1,51,16,21
1442,770,20,56.25,0,0,1.0,0,10,1,0
1443,391,61,62.32,0,0,14.0,1,36,5,6
1444,897,5,24.42,0,1,32.0,1,41,20,11
1445,897,24,23.08,0,0,5.0,0,20,4,0
1446,391,56,85.89,0,1,0.0,0,8,0,0
1447,770,86,64.06,0,0,5.0,1,38,4,8
1448,818,75,76.85,1,0,26.0,1,47,16,17
1449,406,12,71.36,0,0,15.0,1,32,5,2
1450,391,87,65.39,0,1,8.0,0,24,5,0
1451,818,26,56.93,1,1,2.0,0,18,2,0
1452,391,57,76.81,0,0,25.0,1,43,13,13
1453,406,73,65.79,0,1,17.0,0,24,11,0
1454,406,25,74.94,1,0,23.0,1,38,13,8
1455,391,87,57.46,0,1,8.0,0,18,5,0
1456,770,30,85.86,0,1,19.0,1,33,10,3
1457,897,90,49.7,0,0,3.0,0,22,2,0
1458,391,61,81.9,0,0,14.0,0,26,6,0
1459,406,92,91.32,0,1,17.0,0,26,11,0
1460,818,13,97.6,0,0,20.0,1,53,12,23
1461,897,10,58.68,0,0,2.0,0,25,1,0
1462,897,52,21.89,0,1,0.0,0,14,0,0
1463,406,96,55.42,0,0,4.0,0,19,2,0
1464,391,16,70.43,0,0,5.0,1,38,2,8
1465,818,81,53.19,0,1,22.0,0,28,12,0
1466,770,43,44.87,1,1,13.0,1,35,8,5
1467,770,30,63.12,1,0,19.0,1,44,11,14
1468,391,39,16.57,0,1,5.0,0,22,2,0
1469,770,30,78.37,0,1,19.0,0,27,12,0
1470,897,5,25.79,0,1,32.0,1,38,21,8
1471,897,79,59.4,0,0,26.0,1,35,12,5
1472,406,83,39.6,0,1,5.0,0,26,3,0
1473,391,15,38.45,0,0,16.0,1,46,8,16
1474,406,42,87.37,0,0,20.0,1,32,13,2
1475,406,25,48.72,1,0,23.0,1,47,14,17
1476,897,52,55.11,0,1,0.0,0,8,0,0
1477,818,22,36.02,0,0,2.0,0,22,0,0
1478,391,1,31.72,0,0,0.0,0,7,0,0
1479,391,87,35.46,0,0,8.0,1,35,5,5
1480,897,68,5.26,0,1,5.0,0,27,2,0
1481,770,20,48.8,0,1,1.0,0,5,1,0
1482,818,81,55.55,1,1,22.0,1,35,12,5
1483,897,24,30.23,0,1,5.0,0,16,4,0
1484,391,1,79.87,0,0,0.0,0,8,0,0
1485,391,87,73.75,0,0,8.0,0,24,6,0
1486,770,50,63.03,0,0,1.0,0,22,1,0
1487,770,33,61.97,1,0,25.0,1,46,17,16
1488,818,77,68.31,0,0,7.0,0,29,5,0
1489,818,45,81.21,1,0,8.0,1,54,6,24
1490,406,97,55.54,1,0,0.0,0,27,0,0
1491,770,50,53.52,0,0,1.0,0,23,1,0
1492,406,49,84.23,0,1,2.0,0,5,1,0
1493,818,48,72.88,0,0,0.0,0,19,0,0
1494,818,81,15.99,1,0,22.0,1,43,13,13
1495,818,69,27.52,0,0,0.0,0,4,0,0
1496,770,4,83.68,0,1,5.0,0,20,4,0
1497,406,32,73.56,0,1,0.0,0,1,0,0
1498,391,15,32.05,0,1,16.0,0,26,9,0
1499,391,98,31.12,0,1,2.0,0,28,1,0
1500,406,73,111.21,0,0,17.0,0,22,11,0
1501,818,37,88.48,1,0,13.0,1,43,9,13
1502,770,31,61.76,0,0,0.0,0,17,0,0
1503,897,52,57.05,0,1,0.0,0,16,0,0
1504,770,62,69.15,0,1,23.0,1,44,13,14
1505,391,57,82.04,0,1,25.0,0,24,14,0
1506,897,5,68.28,0,0,32.0,1,46,22,16
1507,897,53,43.39,0,0,0.0,0,2,0,0
1508,897,10,43.17,0,0,2.0,0,19,1,0
1509,406,18,65.76,0,1,14.0,1,37,7,7
1510,391,51,60.72,0,0,1.0,0,26,1,0
1511,406,49,90.27,1,1,2.0,0,18,1,0
1512,897,91,86.5,0,0,0.0,0,9,0,0
1513,406,49,72.76,1,0,2.0,0,24,1,0
1514,770,72,30.12,0,0,7.0,0,30,5,0
1515,770,30,78.39,0,0,19.0,0,26,12,0
1516,770,3,72.36,0,1,14.0,0,28,8,0
1517,897,10,52.07,0,0,2.0,0,23,1,0
1518,391,27,60.26,0,1,6.0,0,17,4,0
1519,406,83,54.59,0,1,5.0,0,18,3,0
1520,770,17,50.96,0,0,2.0,0,26,1,0
1521,818,45,62.17,1,1,8.0,1,33,7,3
1522,406,97,61.37,1,0,0.0,0,19,0,0
1523,391,2,72.97,0,0,1.0,0,18,1,0
1524,406,36,78.76,0,1,3.0,0,17,1,0
1525,897,91,60.39,0,0,0.0,0,9,0,0
1526,391,39,30.11,0,0,5.0,1,35,2,5
1527,391,15,82.68,1,1,16.0,1,51,9,21
1528,391,7,32.82,0,1,11.0,0,28,5,0
1529,770,58,30.9,0,0,14.0,1,35,10,5
1530,406,36,69.87,0,1,3.0,0,29,1,0
1531,897,99,14.05,0,0,23.0,1,34,14,4
1532,897,29,63.21,0,0,15.0,1,44,5,14
1533,406,49,62.49,1,0,2.0,1,31,1,1
1534,770,30,117.01,0,0,19.0,1,48,12,18
1535,391,56,114.44,0,1,0.0,0,11,0,0
1536,391,51,74.86,0,0,1.0,0,17,1,0
1537,818,69,45.52,1,0,0.0,0,28,0,0
1538,897,79,71.26,0,0,26.0,1,52,13,22
1539,818,22,50.79,0,0,2.0,0,18,0,0
1540,818,47,72.1,0,0,6.0,0,24,4,0
1541,391,19,53.89,0,0,0.0,0,24,0,0
1542,406,85,59.73,0,1,19.0,0,24,11,0
1543,818,44,74.03,0,1,20.0,1,38,11,8
1544,818,74,40.08,0,1,6.0,0,20,5,0
1545,770,58,63.67,0,0,14.0,0,28,11,0
1546,897,29,56.84,0,0,15.0,1,36,6,6
1547,391,41,49.83,0,0,15.0,1,34,9,4
1548,406,67,75.47,1,0,9.0,1,44,6,14
1549,897,90,64.16,0,0,3.0,0,18,2,0
1550,897,5,56.04,0,1,32.0,1,51,23,21
1551,897,82,14.0,0,1,1.0,0,5,0,0
1552,406,95,55.54,1,1,13.0,1,32,6,2
1553,406,97,51.19,1,0,0.0,0,24,0,0
1554,406,96,85.3,0,1,4.0,0,20,2,0
1555,406,59,44.58,0,1,2.0,0,20,1,0
1556,406,40,50.38,0,0,2.0,0,10,2,0
1557,770,4,57.64,0,0,5.0,1,34,4,4
1558,391,65,92.11,0,0,2.0,0,26,2,0
1559,391,39,69.54,0,1,5.0,0,30,3,0
1560,391,1,65.57,1,1,0.0,0,17,0,0
1561,770,72,61.67,0,1,7.0,0,23,5,0
1562,391,98,44.43,0,0,2.0,0,24,1,0
1563,897,68,23.05,0,0,5.0,1,36,2,6
1564,770,72,61.14,1,1,7.0,1,35,5,5
1565,391,19,76.66,0,1,0.0,0,17,0,0
1566,770,4,42.18,0,0,5.0,0,20,5,0
1567,770,20,44.78,1,1,1.0,0,22,1,0
1568,391,16,76.53,0,1,5.0,0,15,3,0
1569,770,20,59.73,0,0,1.0,0,14,1,0
1570,391,21,68.5,0,1,0.0,0,3,0,0
1571,406,40,59.19,1,0,2.0,0,29,2,0
1572,770,4,65.75,0,0,5.0,0,23,5,0
1573,818,45,63.81,0,0,8.0,0,20,8,0
1574,770,31,58.09,0,1,0.0,0,7,0,0
1575,897,82,22.35,0,1,1.0,0,4,0,0
1576,391,71,68.95,0,0,7.0,0,28,5,0
1577,406,85,29.99,1,0,19.0,1,47,11,17
1578,391,89,57.33,0,1,1.0,0,17,1,0
1579,406,35,99.67,1,0,13.0,1,51,8,21
1580,770,30,55.46,0,0,19.0,1,36,13,6
1581,897,10,52.41,0,0,2.0,0,26,1,0
1582,770,86,48.59,0,1,5.0,0,20,5,0
1583,406,63,75.19,0,0,0.0,0,28,0,0
1584,406,38,71.33,0,0,9.0,0,27,4,0
1585,897,66,40.94,0,1,1.0,0,21,1,0
1586,770,30,50.3,0,0,19.0,0,27,14,0
1587,897,53,15.4,0,0,0.0,0,6,0,0
1588,391,87,84.25,0,0,8.0,1,31,6,1
1589,406,49,77.14,1,1,2.0,0,19,2,0
1590,391,46,35.36,0,0,2.0,1,31,1,1
1591,818,88,74.47,1,0,19.0,1,42,12,12
1592,406,25,84.89,1,1,23.0,0,30,15,0
1593,770,50,44.41,0,1,1.0,0,18,1,0
1594,818,47,88.72,1,0,6.0,1,38,4,8
1595,770,17,44.71,0,1,2.0,0,26,1,0
1596,770,33,56.03,0,1,25.0,0,30,18,0
1597,897,10,49.75,0,0,2.0,0,18,1,0
1598,406,63,84.99,0,0,0.0,0,18,0,0
1599,818,69,70.76,1,1,0.0,0,20,0,0
1600,391,39,56.88,0,0,5.0,1,32,3,2
1601,406,12,44.77,0,1,15.0,1,35,6,5
1602,406,42,91.21,0,0,20.0,1,42,14,12
1603,391,15,45.06,0,1,16.0,0,30,10,0
1604,406,97,52.75,1,0,0.0,0,19,0,0
1605,391,2,64.72,0,1,1.0,0,22,1,0
1606,391,19,53.68,0,1,0.0,0,12,0,0
1607,406,18,80.99,1,0,14.0,1,61,8,31
1608,391,71,73.9,0,0,7.0,0,21,5,0
1609,818,26,89.28,1,1,2.0,0,27,2,0
1610,818,44,30.03,1,0,20.0,1,53,12,23
1611,897,79,46.39,0,0,26.0,1,35,14,5
1612,406,96,80.56,0,1,4.0,0,13,2,0
1613,391,98,17.85,0,0,2.0,0,25,1,0
1614,406,36,81.53,0,1,3.0,0,16,1,0
1615,391,80,89.37,0,1,0.0,0,7,0,0
1616,391,16,73.15,0,0,5.0,0,25,3,0
1617,391,51,62.31,0,0,1.0,0,21,1,0
1618,391,21,84.86,0,1,0.0,0,4,0,0
1619,818,48,54.95,0,0,0.0,0,16,0,0
1620,391,56,60.61,0,1,0.0,0,12,0,0
1621,391,61,74.28,0,0,14.0,1,32,6,2
1622,770,4,46.2,0,0,5.0,0,24,5,0
1623,391,39,48.04,0,1,5.0,0,22,4,0
1624,406,35,54.6,1,0,13.0,1,40,9,10
1625,406,95,81.21,1,1,13.0,1,32,7,2
1626,406,34,49.83,1,1,15.0,1,36,6,6
1627,897,99,56.88,1,1,23.0,1,37,15,7
1628,406,25,94.77,1,0,23.0,1,36,15,6
1629,897,79,102.79,0,0,26.0,1,44,15,14
1630,897,91,36.13,0,1,0.0,0,3,0,0
1631,897,94,50.82,0,0,0.0,0,18,0,0
1632,406,83,66.75,0,1,5.0,0,21,3,0
1633,770,70,55.12,0,1,20.0,0,29,17,0
1634,770,17,47.63,0,1,2.0,0,25,1,0
1635,818,48,54.33,0,0,0.0,0,19,0,0
1636,391,2,59.56,0,1,1.0,0,11,1,0
1637,406,78,46.35,1,1,11.0,0,28,4,0
1638,406,38,59.54,0,0,9.0,0,19,4,0
1639,897,99,40.88,0,1,23.0,0,23,16,0
1640,391,27,61.84,0,1,6.0,0,13,4,0
1641,406,25,56.31,1,0,23.0,1,59,16,29
1642,770,31,47.48,0,0,0.0,0,24,0,0
1643,391,28,84.13,0,0,0.0,0,18,0,0
1644,818,81,34.27,0,0,22.0,0,30,14,0
1645,897,79,64.1,0,0,26.0,1,35,16,5
1646,770,31,63.32,1,1,0.0,0,26,0,0
1647,818,69,55.22,1,0,0.0,0,28,0,0
1648,391,21,64.87,0,1,0.0,0,3,0,0
1649,897,91,53.68,0,0,0.0,0,10,0,0
1650,391,1,53.59,0,0,0.0,0,8,0,0
1651,391,80,60.75,0,0,0.0,0,10,0,0
1652,770,60,55.88,0,1,5.0,0,17,5,0
1653,406,12,70.75,0,1,15.0,0,21,7,0
1654,770,43,60.03,0,0,13.0,0,28,9,0
1655,818,44,75.04,0,0,20.0,1,32,13,2
1656,770,93,61.47,0,1,12.0,0,30,8,0
1657,406,49,98.68,1,1,2.0,0,22,2,0
1658,770,3,46.07,0,1,14.0,0,21,8,0
1659,818,44,74.37,0,1,20.0,0,27,14,0
1660,770,30,67.23,0,1,19.0,0,25,14,0
1661,770,33,101.06,1,0,25.0,1,57,18,27
1662,818,47,71.19,1,1,6.0,0,28,5,0
1663,770,70,63.74,0,1,20.0,1,49,17,19
1664,897,5,27.22,0,0,32.0,1,33,24,3
1665,770,17,33.62,0,1,2.0,0,21,1,0
1666,897,68,33.75,0,0,5.0,0,30,3,0
1667,391,76,55.53,0,1,11.0,0,25,5,0
1668,770,70,41.61,1,1,20.0,1,55,18,25
1669,770,17,49.56,0,1,2.0,0,28,1,0
1670,818,22,60.2,0,0,2.0,0,30,0,0
1671,897,68,50.16,0,1,5.0,1,35,3,5
1672,391,71,73.0,0,0,7.0,0,22,5,0
1673,391,15,62.04,0,1,16.0,1,44,10,14
1674,406,67,45.48,1,0,9.0,0,25,7,0
1675,818,81,13.15,0,1,22.0,0,27,14,0
1676,406,78,30.53,1,0,11.0,1,43,4,13
1677,406,97,55.94,1,1,0.0,0,13,0,0
1678,406,95,96.22,0,1,13.0,0,13,8,0
1679,770,93,43.62,0,1,12.0,0,24,8,0
1680,897,11,61.39,0,1,16.0,0,20,11,0
1681,770,93,69.18,0,1,12.0,0,25,8,0
1682,406,92,97.91,0,1,17.0,1,34,11,4
1683,391,41,75.34,0,0,15.0,1,31,10,1
1684,391,46,63.57,0,0,2.0,0,28,2,0
1685,897,91,39.45,0,1,0.0,0,5,0,0
1686,770,43,44.92,0,0,13.0,1,37,9,7
1687,897,5,40.86,1,1,32.0,1,31,25,1
1688,406,8,63.92,0,0,20.0,1,43,13,13
1689,818,47,92.82,0,0,6.0,0,20,5,0
1690,818,81,34.41,0,0,22.0,1,35,14,5
1691,818,47,96.82,0,0,6.0,0,18,5,0
1692,391,98,47.52,0,0,2.0,0,28,1,0
1693,897,10,51.65,0,0,2.0,0,22,1,0
1694,818,81,31.45,1,1,22.0,1,39,15,9
1695,406,18,58.96,1,1,14.0,1,55,9,25
1696,897,66,47.45,0,0,1.0,0,30,1,0
1697,391,84,58.76,0,0,7.0,0,29,5,0
1698,770,62,46.4,0,1,23.0,1,40,14,10
1699,406,73,68.22,0,0,17.0,1,37,11,7
1700,770,43,64.41,0,0,13.0,0,28,10,0
1701,406,95,73.82,1,0,13.0,0,26,8,0
1702,391,46,43.81,0,1,2.0,0,13,2,0
1703,897,10,45.14,0,0,2.0,0,17,1,0
1704,897,91,36.71,0,0,0.0,0,11,0,0
1705,391,39,51.1,0,1,5.0,0,19,4,0
1706,770,33,52.84,0,1,25.0,0,23,19,0
1707,391,46,47.55,0,1,2.0,0,16,2,0
1708,818,37,69.43,0,0,13.0,0,21,10,0
1709,818,55,44.89,0,1,9.0,1,35,5,5
1710,897,68,33.01,0,1,5.0,0,22,4,0
1711,770,31,58.44,0,1,0.0,0,8,0,0
1712,406,35,65.13,0,0,13.0,0,27,10,0
1713,391,80,78.37,0,0,0.0,0,7,0,0
1714,406,25,53.34,1,1,23.0,1,35,17,5
1715,770,14,44.05,0,1,1.0,0,16,1,0
1716,770,14,65.07,0,1,1.0,0,9,1,0
1717,391,21,72.14,0,1,0.0,0,13,0,0
1718,770,60,43.12,0,1,5.0,0,12,5,0
1719,818,75,66.92,1,0,26.0,1,47,17,17
1720,818,22,64.67,0,1,2.0,0,13,0,0
1721,770,4,27.08,0,0,5.0,0,22,5,0
1722,391,19,72.79,0,0,0.0,0,20,0,0
1723,770,86,52.74,0,0,5.0,0,30,5,0
1724,406,78,71.83,1,0,11.0,1,34,5,4
1725,770,17,37.49,0,1,2.0,0,19,1,0
1726,897,91,88.13,1,0,0.0,0,16,0,0
1727,818,22,55.34,0,0,2.0,0,23,0,0
1728,897,99,10.36,0,0,23.0,0,23,16,0
1729,406,40,79.58,0,0,2.0,0,8,2,0
1730,770,14,59.78,1,1,1.0,0,26,1,0
1731,770,17,68.12,0,0,2.0,0,27,1,0
1732,391,46,58.98,0,1,2.0,0,17,2,0
1733,406,67,59.08,1,0,9.0,1,38,7,8
1734,391,65,81.28,0,0,2.0,0,25,2,0
1735,897,91,14.22,0,0,0.0,0,7,0,0
1736,770,33,84.43,1,0,25.0,1,60,19,30
1737,818,22,66.72,0,1,2.0,0,19,0,0
1738,406,32,71.6,0,1,0.0,0,1,0,0
1739,818,69,30.05,0,0,0.0,0,7,0,0
1740,897,99,32.75,0,0,23.0,1,33,16,3
1741,818,22,50.66,0,0,2.0,0,22,0,0
1742,770,6,23.38,0,0,10.0,1,31,6,1
1743,406,85,63.33,1,0,19.0,1,51,12,21
1744,391,46,61.17,0,0,2.0,0,26,2,0
1745,818,44,46.66,0,0,20.0,1,42,14,12
1746,406,34,83.42,1,0,15.0,1,35,7,5
1747,391,65,120.76,0,0,2.0,0,22,2,0
1748,770,64,68.16,0,1,2.0,0,21,2,0
1749,391,98,53.81,0,0,2.0,0,28,1,0
1750,770,4,68.03,0,0,5.0,0,25,5,0
1751,770,72,38.0,1,1,7.0,0,24,6,0
1752,770,100,69.29,0,1,17.0,1,31,14,1
1753,818,23,42.25,0,0,0.0,0,5,0,0
1754,406,78,51.53,0,1,11.0,0,16,6,0
1755,818,47,84.26,0,0,6.0,0,9,5,0
1756,818,88,81.53,1,0,19.0,1,42,13,12
1757,406,73,63.32,0,1,17.0,0,29,12,0
1758,818,75,60.3,1,0,26.0,1,53,18,23
1759,897,82,15.18,0,0,1.0,0,7,0,0
1760,391,39,50.17,0,1,5.0,0,22,4,0
1761,897,68,7.08,0,1,5.0,0,25,4,0
1762,818,22,66.59,0,0,2.0,1,31,0,1
1763,391,65,56.86,0,0,2.0,0,18,2,0
1764,391,7,61.89,0,1,11.0,0,18,5,0
1765,406,96,65.49,1,1,4.0,1,35,2,5
1766,897,68,17.12,0,1,5.0,0,29,4,0
1767,770,58,47.47,0,1,14.0,0,19,11,0
1768,391,27,36.26,0,0,6.0,0,25,4,0
1769,406,73,62.17,0,0,17.0,1,48,12,18
1770,897,11,41.08,0,1,16.0,1,38,11,8
1771,391,19,48.52,0,1,0.0,0,10,0,0
1772,406,36,96.76,0,0,3.0,0,28,1,0
1773,770,50,56.6,1,1,1.0,0,25,1,0
1774,770,72,56.6,1,1,7.0,0,27,6,0
1775,897,5,39.39,1,1,32.0,1,48,26,18
1776,770,86,81.85,0,1,5.0,0,18,5,0
1777,770,50,52.45,0,1,1.0,0,17,1,0
1778,406,12,48.47,0,0,15.0,1,39,7,9
1779,897,54,7.96,0,0,2.0,0,13,1,0
1780,391,76,76.47,0,0,11.0,1,43,5,13
1781,391,80,100.7,0,0,0.0,0,15,0,0
1782,818,48,75.99,0,0,0.0,0,22,0,0
1783,897,94,55.57,0,0,0.0,0,22,0,0
1784,406,83,83.93,0,1,5.0,0,20,3,0
1785,391,46,48.75,0,0,2.0,0,21,2,0
1786,770,43,48.98,0,1,13.0,0,26,10,0
1787,818,74,55.21,0,1,6.0,0,16,5,0
1788,770,4,92.48,0,1,5.0,0,21,5,0
1789,391,27,43.89,1,0,6.0,1,32,4,2
1790,818,26,79.43,1,1,2.0,0,15,2,0
1791,391,1,64.47,1,0,0.0,0,18,0,0
1792,818,88,88.36,1,0,19.0,1,52,14,22
1793,897,99,20.99,1,0,23.0,1,40,17,10
1794,391,21,80.15,0,1,0.0,0,6,0,0
1795,770,43,46.64,0,0,13.0,0,24,10,0
1796,406,12,62.93,1,1,15.0,1,34,8,4
1797,391,84,68.48,0,0,7.0,1,31,5,1
1798,391,19,69.58,0,0,0.0,0,14,0,0
1799,406,73,78.68,1,1,17.0,1,43,13,13
1800,897,82,13.36,0,0,1.0,0,11,0,0
1801,770,64,67.29,0,0,2.0,0,29,2,0
1802,770,17,86.83,0,1,2.0,1,33,1,3
1803,406,78,62.41,1,1,11.0,1,47,6,17
1804,391,61,74.7,0,0,14.0,1,36,7,6
1805,391,2,70.9,0,1,1.0,0,15,1,0
1806,770,30,58.65,0,1,19.0,1,41,14,11
1807,897,82,40.52,0,1,1.0,0,8,0,0
1808,770,20,60.17,0,0,1.0,0,11,1,0
1809,391,84,69.55,0,0,7.0,0,28,6,0
1810,818,81,36.21,1,1,22.0,1,42,16,12
1811,391,80,71.96,0,1,0.0,0,2,0,0
1812,770,3,60.35,0,0,14.0,0,23,8,0
1813,770,14,43.71,0,1,1.0,0,12,1,0
1814,391,98,53.53,0,1,2.0,0,18,1,0
1815,406,83,62.94,0,1,5.0,0,30,3,0
1816,770,72,23.53,0,0,7.0,0,18,6,0
1817,770,62,56.73,0,1,23.0,1,44,15,14
1818,770,62,60.46,0,1,23.0,1,40,16,10
1819,897,82,35.49,0,0,1.0,0,14,0,0
1820,770,33,58.19,1,0,25.0,1,51,20,21
1821,897,91,91.42,0,1,0.0,0,3,0,0
1822,406,35,97.33,1,0,13.0,1,47,10,17
1823,818,26,50.63,1,1,2.0,0,18,2,0
1824,770,33,90.57,0,0,25.0,1,35,21,5
1825,391,76,70.12,0,1,11.0,1,32,6,2
1826,406,78,55.0,0,1,11.0,0,21,7,0
1827,406,78,50.89,0,1,11.0,0,14,7,0
1828,897,82,16.31,0,0,1.0,0,12,0,0
1829,897,5,41.56,0,1,32.0,1,37,27,7
1830,818,44,61.02,1,1,20.0,1,51,15,21
1831,391,76,50.88,0,1,11.0,1,31,7,1
1832,818,23,72.49,0,0,0.0,0,3,0,0
1833,897,79,57.97,1,1,26.0,1,57,17,27
1834,770,100,60.47,0,1,17.0,1,35,15,5
1835,770,30,46.56,0,1,19.0,0,30,15,0
1836,818,81,7.74,0,0,22.0,1,32,17,2
1837,818,22,65.7,0,0,2.0,0,28,1,0
1838,391,76,74.57,0,1,11.0,1,32,8,2
1839,818,48,79.42,0,0,0.0,0,15,0,0
1840,897,10,63.76,0,0,2.0,0,28,1,0
1841,391,51,85.72,0,1,1.0,0,14,1,0
1842,818,22,66.88,1,0,2.0,1,38,1,8
1843,770,93,68.14,0,1,12.0,0,29,8,0
1844,391,19,76.7,0,1,0.0,0,16,0,0
1845,897,11,54.75,0,0,16.0,0,26,12,0
1846,897,10,85.32,0,1,2.0,0,14,1,0
1847,818,77,50.7,0,1,7.0,0,24,5,0
1848,770,31,68.79,0,1,0.0,0,8,0,0
1849,818,45,63.66,0,0,8.0,0,27,8,0
1850,406,49,75.33,1,0,2.0,0,29,2,0
1851,897,5,33.99,1,1,32.0,1,50,28,20
1852,406,73,72.75,0,0,17.0,1,34,14,4
1853,406,92,86.91,0,1,17.0,1,36,12,6
1854,406,42,70.77,0,0,20.0,1,37,15,7
1855,770,43,42.08,0,0,13.0,1,34,10,4
1856,770,50,34.5,0,1,1.0,0,11,1,0
1857,770,50,55.87,0,1,1.0,0,19,1,0
1858,391,41,91.03,0,1,15.0,1,34,11,4
1859,391,84,53.64,0,0,7.0,0,26,6,0
1860,406,38,81.15,0,0,9.0,0,21,4,0
1861,818,45,73.96,0,0,8.0,0,20,8,0
1862,406,38,83.73,1,0,9.0,1,39,4,9
1863,818,13,83.65,0,1,20.0,1,43,13,13
1864,818,81,24.19,1,1,22.0,1,34,18,4
1865,406,8,66.56,0,0,20.0,1,34,14,4
1866,897,99,21.58,1,0,23.0,1,46,18,16
1867,770,50,26.9,0,0,1.0,0,17,1,0
1868,391,19,63.73,0,0,0.0,0,21,0,0
1869,406,25,82.8,0,0,23.0,0,25,18,0
1870,770,6,21.0,0,0,10.0,0,26,7,0
1871,770,58,33.25,1,0,14.0,1,43,11,13
1872,770,31,63.42,0,0,0.0,0,21,0,0
1873,391,19,41.3,0,1,0.0,0,18,0,0
1874,818,13,68.61,0,0,20.0,1,40,14,10
1875,406,42,69.54,0,0,20.0,1,33,16,3
1876,406,34,58.06,1,0,15.0,1,43,8,13
1877,818,77,101.44,1,1,7.0,0,20,5,0
1878,770,72,43.79,0,1,7.0,0,18,6,0
1879,770,4,36.86,0,0,5.0,0,29,5,0
1880,391,87,80.71,0,0,8.0,0,28,7,0
1881,406,42,72.22,0,0,20.0,1,37,17,7
1882,406,18,86.39,1,1,14.0,1,75,10,45
1883,406,59,86.87,0,1,2.0,0,27,1,0
1884,406,8,75.62,0,0,20.0,1,33,15,3
1885,770,100,53.29,0,1,17.0,0,25,16,0
1886,391,27,59.92,1,0,6.0,1,42,5,12
1887,770,3,49.85,0,0,14.0,1,35,8,5
1888,897,94,15.0,0,0,0.0,0,11,0,0
1889,391,57,64.19,0,1,25.0,1,32,14,2
1890,406,12,67.87,0,1,15.0,0,28,9,0
1891,897,54,25.72,1,0,2.0,1,32,1,2
1892,770,17,60.41,0,0,2.0,0,25,2,0
1893,391,80,77.35,0,0,0.0,0,9,0,0
1894,897,91,47.39,0,1,0.0,0,0,0,0
1895,406,36,65.56,0,1,3.0,0,25,1,0
1896,391,39,50.44,0,0,5.0,1,36,4,6
1897,770,14,62.31,0,0,1.0,0,17,1,0
1898,770,58,41.11,0,0,14.0,0,29,12,0
1899,897,66,37.25,1,0,1.0,0,30,1,0
1900,770,17,54.3,0,1,2.0,0,16,2,0
1901,406,83,78.79,0,1,5.0,0,22,3,0
1902,770,64,65.2,0,1,2.0,0,21,2,0
1903,391,7,68.16,0,0,11.0,0,25,5,0
1904,391,87,57.61,0,1,8.0,0,22,7,0
1905,770,93,40.83,0,1,12.0,0,17,8,0
1906,406,38,72.52,0,0,9.0,0,30,5,0
1907,897,68,43.97,0,1,5.0,0,28,4,0
1908,391,84,66.08,0,0,7.0,0,18,6,0
1909,897,91,51.55,0,1,0.0,0,0,0,0
1910,770,72,52.92,1,1,7.0,0,25,6,0
1911,770,17,69.51,0,0,2.0,0,30,2,0
1912,391,16,47.77,0,0,5.0,1,32,3,2
1913,391,51,75.78,0,1,1.0,0,14,1,0
1914,897,90,44.12,0,0,3.0,0,30,2,0
1915,770,93,59.66,0,1,12.0,0,26,8,0
1916,897,66,38.13,0,1,1.0,0,19,1,0
1917,406,83,59.74,0,1,5.0,0,23,3,0
1918,406,8,64.33,0,0,20.0,1,34,16,4
1919,391,76,68.0,0,1,11.0,0,23,9,0
1920,391,57,79.59,0,0,25.0,1,43,15,13
1921,406,25,71.35,1,1,23.0,1,34,18,4
1922,897,99,11.44,1,0,23.0,1,54,19,24
1923,897,24,27.95,0,1,5.0,0,22,4,0
1924,406,40,69.8,0,0,2.0,0,14,2,0
1925,391,27,64.19,1,1,6.0,0,25,6,0
1926,770,30,71.85,0,0,19.0,1,36,15,6
1927,391,21,70.45,0,1,0.0,0,4,0,0
1928,897,10,61.46,0,0,2.0,0,28,1,0
1929,770,86,42.17,0,1,5.0,0,23,5,0
1930,818,88,78.67,1,0,19.0,1,54,15,24
1931,770,30,64.54,0,0,19.0,1,41,16,11
1932,818,37,73.69,1,0,13.0,1,47,10,17
1933,897,79,36.26,0,1,26.0,1,37,18,7
1934,770,3,40.22,0,0,14.0,1,35,9,5
1935,391,15,39.25,0,1,16.0,1,34,11,4
1936,391,7,61.29,0,1,11.0,0,22,5,0
1937,897,79,84.6,0,1,26.0,1,37,19,7
1938,406,12,79.39,0,0,15.0,1,39,9,9
1939,391,61,49.37,0,0,14.0,1,41,8,11
1940,391,46,56.02,0,1,2.0,0,22,2,0
1941,406,40,67.8,0,0,2.0,0,16,2,0
1942,391,27,51.07,0,0,6.0,0,23,6,0
1943,406,49,72.06,0,0,2.0,0,10,2,0
1944,818,37,74.01,0,0,13.0,0,16,11,0
1945,406,36,83.09,0,0,3.0,0,28,1,0
1946,818,81,10.47,0,0,22.0,0,29,19,0
1947,406,78,38.73,1,0,11.0,1,37,7,7
1948,406,97,61.07,1,1,0.0,0,16,0,0
1949,770,62,46.22,0,0,23.0,1,39,17,9
1950,897,29,39.74,0,0,15.0,1,32,7,2
1951,406,92,87.13,0,0,17.0,1,43,13,13
1952,406,32,87.71,0,1,0.0,0,5,0,0
1953,770,20,37.66,0,0,1.0,0,12,1,0
1954,391,7,38.41,1,0,11.0,1,46,5,16
1955,897,91,57.8,0,0,0.0,0,11,0,0
1956,818,75,48.45,1,0,26.0,1,56,19,26
1957,818,44,65.6,0,1,20.0,0,29,16,0
1958,818,74,38.86,0,1,6.0,1,35,5,5
1959,897,24,63.96,1,0,5.0,1,42,4,12
1960,770,64,66.27,0,1,2.0,0,22,2,0
1961,770,100,67.79,1,1,17.0,1,53,16,23
1962,406,35,78.12,1,0,13.0,1,39,11,9
1963,818,88,59.08,1,0,19.0,1,50,16,20
1964,406,95,76.27,1,1,13.0,1,33,8,3
1965,770,72,44.83,0,1,7.0,0,16,6,0
1966,391,89,38.96,0,1,1.0,0,13,1,0
1967,770,62,55.8,0,1,23.0,1,46,18,16
1968,818,26,82.29,0,1,2.0,0,5,2,0
1969,770,70,65.59,1,1,20.0,1,56,19,26
1970,897,91,41.64,0,1,0.0,0,2,0,0
1971,391,80,54.33,0,0,0.0,0,11,0,0
1972,770,43,43.52,0,0,13.0,1,34,11,4
1973,897,68,46.41,0,1,5.0,0,24,4,0
1974,770,62,34.49,0,1,23.0,1,41,19,11
1975,391,28,67.83,0,0,0.0,0,22,0,0
1976,897,68,17.37,0,1,5.0,0,30,4,0
1977,770,86,72.95,0,0,5.0,0,21,5,0
1978,406,73,56.85,0,1,17.0,1,34,15,4
1979,391,57,99.22,0,1,25.0,1,45,16,15
1980,391,28,50.66,0,0,0.0,0,27,0,0
1981,897,94,65.9,0,0,0.0,0,20,0,0
1982,897,10,24.63,0,0,2.0,0,21,1,0
1983,818,81,30.8,0,0,22.0,1,39,19,9
1984,391,7,19.53,0,0,11.0,0,28,6,0
1985,391,71,47.99,1,0,7.0,1,35,5,5
1986,818,22,44.51,0,0,2.0,0,24,2,0
1987,391,19,60.72,0,1,0.0,0,9,0,0
1988,818,13,87.16,0,0,20.0,1,35,15,5
1989,391,2,74.34,0,0,1.0,0,16,1,0
1990,391,16,48.27,0,0,5.0,0,27,4,0
1991,770,20,46.68,0,0,1.0,0,17,1,0
1992,391,87,71.6,0,1,8.0,0,21,7,0
1993,770,14,50.87,0,0,1.0,0,19,1,0
1994,770,14,83.12,0,0,1.0,0,21,1,0
1995,406,59,82.79,0,1,2.0,0,12,1,0
1996,406,96,69.65,0,1,4.0,0,17,3,0
1997,391,84,64.95,0,1,7.0,0,23,6,0
1998,897,91,41.71,0,0,0.0,0,12,0,0
1999,818,55,69.59,1,1,9.0,1,36,6,6
2000,818,75,55.5,1,0,26.0,1,44,20,14
2001,391,80,78.05,0,0,0.0,0,10,0,0
2002,406,36,68.84,0,1,3.0,0,22,1,0
2003,406,32,82.93,0,1,0.0,0,4,0,0
2004,818,23,49.85,0,0,0.0,0,3,0,0
2005,391,98,50.03,0,0,2.0,1,34,1,4
2006,391,57,69.0,0,0,25.0,1,33,17,3
2007,406,34,52.71,1,0,15.0,1,33,9,3
2008,897,11,36.78,1,1,16.0,1,44,12,14
2009,770,58,17.44,0,0,14.0,1,31,12,1
2010,391,57,93.24,0,1,25.0,1,40,18,10
2011,897,91,47.32,0,1,0.0,0,1,0,0
2012,818,55,67.3,0,0,9.0,0,25,7,0
2013,406,83,68.72,0,1,5.0,0,25,3,0
2014,406,67,60.95,1,0,9.0,1,39,8,9
2015,406,96,37.39,0,0,4.0,0,28,3,0
2016,406,12,78.69,0,1,15.0,1,35,10,5
2017,897,29,24.9,0,0,15.0,1,32,8,2
2018,818,88,64.02,0,0,19.0,0,29,17,0
2019,897,68,36.2,0,1,5.0,0,21,4,0
2020,897,79,49.83,0,0,26.0,1,37,20,7
2021,770,43,8.22,0,0,13.0,0,16,12,0
2022,897,10,20.65,0,0,2.0,0,18,1,0
2023,406,34,36.28,1,1,15.0,1,44,10,14
2024,770,60,88.33,0,1,5.0,0,25,5,0
2025,770,58,52.08,0,0,14.0,0,28,13,0
2026,818,26,56.21,1,1,2.0,0,18,2,0
2027,406,96,109.79,1,1,4.0,1,34,3,4
2028,818,55,27.41,1,1,9.0,1,37,7,7
2029,406,25,72.78,1,0,23.0,1,40,19,10
2030,897,79,52.8,0,0,26.0,1,36,21,6
2031,391,15,42.46,0,1,16.0,1,40,12,10
2032,406,96,81.13,0,0,4.0,0,20,4,0
2033,770,72,9.47,0,1,7.0,0,20,6,0
2034,770,14,57.7,0,0,1.0,0,17,1,0
2035,391,9,85.82,1,0,18.0,1,35,14,5
2036,406,78,69.65,1,0,11.0,1,40,8,10
2037,770,50,60.66,0,1,1.0,0,15,1,0
2038,391,21,92.34,0,1,0.0,0,5,0,0
2039,770,14,18.57,0,0,1.0,0,23,1,0
2040,897,10,84.22,1,0,2.0,1,42,1,12
2041,770,64,53.71,0,1,2.0,0,26,2,0
2042,818,23,46.1,0,0,0.0,0,7,0,0
2043,391,84,67.07,0,0,7.0,0,30,6,0
2044,391,76,59.3,0,1,11.0,0,27,9,0
2045,770,50,47.35,0,0,1.0,0,22,1,0
2046,770,86,38.5,0,1,5.0,0,14,5,0
2047,391,21,108.68,0,1,0.0,0,4,0,0
2048,818,75,61.39,1,0,26.0,1,41,21,11
2049,406,95,93.24,1,1,13.0,0,20,9,0
2050,770,62,47.74,0,1,23.0,1,41,20,11
2051,897,54,41.79,0,0,2.0,0,15,2,0
2052,391,56,51.13,0,0,0.0,0,23,0,0
2053,391,87,57.6,0,1,8.0,0,20,7,0
2054,391,89,53.19,0,1,1.0,0,16,1,0
2055,391,71,84.74,0,0,7.0,1,37,6,7
2056,391,21,102.67,0,1,0.0,0,7,0,0
2057,391,61,90.42,0,0,14.0,1,32,9,2
2058,406,59,75.88,0,1,2.0,0,21,1,0
2059,406,67,40.23,1,0,9.0,0,26,9,0
2060,770,3,83.36,1,1,14.0,0,28,10,0
2061,406,92,89.98,0,1,17.0,1,34,14,4
2062,391,16,74.98,0,0,5.0,1,35,4,5
2063,770,58,43.2,0,1,14.0,0,18,13,0
2064,406,38,45.49,0,0,9.0,0,22,5,0
2065,391,28,46.07,0,1,0.0,0,7,0,0
2066,391,61,61.2,0,0,14.0,0,30,10,0
2067,770,31,61.43,0,1,0.0,0,5,0,0
2068,770,62,60.58,0,1,23.0,1,34,21,4
2069,391,1,73.27,1,0,0.0,0,19,0,0
2070,391,57,57.69,0,0,25.0,1,38,19,8
2071,406,78,65.16,0,1,11.0,0,8,9,0
2072,406,78,83.68,1,0,11.0,1,37,9,7
2073,897,90,36.83,0,0,3.0,0,24,2,0
2074,406,8,87.36,1,0,20.0,1,49,17,19
2075,391,2,79.25,0,0,1.0,0,22,1,0
2076,897,11,44.06,0,1,16.0,0,30,13,0
2077,897,90,53.67,0,0,3.0,0,24,2,0
2078,818,75,67.92,1,0,26.0,1,44,22,14
2079,391,21,74.53,0,1,0.0,0,7,0,0
2080,406,42,70.91,0,0,20.0,1,34,18,4
2081,406,25,78.88,1,1,23.0,0,21,20,0
2082,406,73,88.31,0,0,17.0,1,46,16,16
2083,406,12,116.66,1,1,15.0,1,40,11,10
2084,897,24,43.29,0,0,5.0,0,24,5,0
2085,770,6,26.49,0,0,10.0,1,37,7,7
2086,406,85,86.6,0,0,19.0,1,33,13,3
2087,897,54,15.48,0,0,2.0,0,12,2,0
2088,406,12,87.27,0,1,15.0,1,36,12,6
2089,391,87,77.01,0,1,8.0,0,22,7,0
2090,391,46,40.55,0,0,2.0,0,27,2,0
2091,818,74,51.0,0,1,6.0,0,23,6,0
2092,770,20,41.71,0,0,1.0,0,13,1,0
2093,818,75,64.59,1,0,26.0,1,49,23,19
2094,770,6,20.61,0,0,10.0,0,25,8,0
2095,818,74,50.21,0,1,6.0,0,30,6,0
2096,406,34,47.24,1,1,15.0,0,26,11,0
2097,406,8,49.56,0,0,20.0,1,42,18,12
2098,406,35,40.13,0,0,13.0,1,34,12,4
2099,770,3,52.14,1,0,14.0,1,40,10,10
2100,818,22,52.4,0,0,2.0,0,17,2,0
2101,818,69,63.05,0,1,0.0,0,3,0,0
2102,897,24,35.3,0,0,5.0,0,30,5,0
2103,406,38,86.76,1,0,9.0,1,49,5,19
2104,897,66,46.34,0,1,1.0,0,13,1,0
2105,897,52,19.06,1,1,0.0,0,15,0,0
2106,897,91,51.96,0,0,0.0,0,5,0,0
2107,391,84,26.13,0,0,7.0,1,38,6,8
2108,406,49,54.37,0,1,2.0,0,5,2,0
2109,897,68,16.06,0,1,5.0,0,25,4,0
2110,406,32,75.21,0,0,0.0,0,9,0,0
2111,770,3,43.62,1,0,14.0,1,45,11,15
2112,818,69,53.19,0,1,0.0,0,3,0,0
2113,897,5,18.03,0,0,32.0,1,64,29,34
2114,406,78,73.6,1,1,11.0,1,38,10,8
2115,770,14,37.87,0,0,1.0,0,13,1,0
2116,770,50,30.14,0,0,1.0,0,26,1,0
2117,406,49,92.14,1,1,2.0,0,12,2,0
2118,406,83,70.99,0,1,5.0,1,33,3,3
2119,818,44,41.12,1,1,20.0,1,39,16,9
2120,770,20,67.97,0,0,1.0,0,12,1,0
2121,897,5,64.19,0,0,32.0,1,43,30,13
2122,770,33,51.6,0,0,25.0,1,44,22,14
2123,818,22,86.87,0,0,2.0,0,19,2,0
2124,770,86,51.42,0,1,5.0,0,22,5,0
2125,897,82,9.53,0,1,1.0,0,5,0,0
2126,770,93,56.55,1,0,12.0,1,54,8,24
2127,391,7,26.98,1,0,11.0,1,42,6,12
2128,897,90,38.0,0,0,3.0,0,15,2,0
2129,391,57,27.42,0,1,25.0,1,33,20,3
2130,897,82,7.39,0,1,1.0,0,10,0,0
2131,897,91,44.25,0,0,0.0,0,3,0,0
2132,897,29,25.93,0,0,15.0,1,37,9,7
2133,818,48,83.37,0,0,0.0,0,29,0,0
2134,391,9,95.82,0,0,18.0,0,17,15,0
2135,406,40,53.81,0,0,2.0,0,15,2,0
2136,897,29,44.52,0,0,15.0,1,39,10,9
2137,897,66,22.45,0,1,1.0,0,27,1,0
2138,897,66,52.82,0,0,1.0,0,18,1,0
2139,818,74,55.38,0,1,6.0,0,24,6,0
2140,897,53,21.42,0,1,0.0,0,1,0,0
2141,391,28,47.02,0,0,0.0,0,14,0,0
2142,770,43,37.22,0,1,13.0,0,25,12,0
2143,391,89,35.15,0,1,1.0,0,17,1,0
2144,818,55,57.97,0,1,9.0,0,13,8,0
2145,897,53,14.8,0,1,0.0,0,2,0,0
2146,406,34,76.19,1,0,15.0,1,42,11,12
2147,391,9,100.0,1,1,18.0,0,29,15,0
2148,897,79,64.18,0,1,26.0,1,31,22,1
2149,391,87,51.62,0,1,8.0,0,24,7,0
2150,391,65,84.5,0,0,2.0,0,15,2,0
2151,391,89,45.0,0,1,1.0,0,12,1,0
2152,406,18,74.06,0,0,14.0,1,44,11,14
2153,391,39,82.34,0,1,5.0,0,13,5,0
2154,406,36,100.32,0,0,3.0,1,33,1,3
2155,406,59,84.17,0,1,2.0,0,17,1,0
2156,818,55,80.49,1,0,9.0,1,37,8,7
2157,770,64,55.31,0,1,2.0,0,26,2,0
2158,818,44,64.59,1,1,20.0,1,53,17,23
2159,406,38,65.2,0,0,9.0,0,17,6,0
2160,818,69,38.12,1,0,0.0,0,22,0,0
2161,391,51,77.44,0,0,1.0,0,24,1,0
2162,406,92,86.39,0,1,17.0,1,41,15,11
2163,406,34,65.77,1,0,15.0,1,38,12,8
2164,391,16,64.21,0,1,5.0,0,16,5,0
2165,897,66,27.5,0,0,1.0,0,25,1,0
2166,391,57,92.19,0,0,25.0,0,29,21,0
2167,391,21,55.91,0,1,0.0,0,6,0,0
2168,897,5,44.81,0,1,32.0,1,47,31,17
2169,770,58,62.84,0,0,14.0,0,25,13,0
2170,406,35,59.74,0,0,13.0,0,27,13,0
2171,818,13,87.95,0,0,20.0,1,41,16,11
2172,818,26,60.71,1,1,2.0,0,24,2,0
2173,406,12,73.29,0,0,15.0,1,36,13,6
2174,770,31,84.91,0,1,0.0,0,16,0,0
2175,391,51,82.91,0,1,1.0,0,11,1,0
2176,770,30,66.03,0,0,19.0,1,31,17,1
2177,770,6,29.62,0,0,10.0,1,39,8,9
2178,391,28,57.06,0,1,0.0,0,15,0,0
2179,770,93,29.42,0,1,12.0,0,24,9,0
2180,770,64,19.7,0,1,2.0,0,24,2,0
2181,770,31,67.9,0,0,0.0,0,16,0,0
2182,897,10,59.86,0,0,2.0,0,26,2,0
2183,406,63,88.89,0,0,0.0,0,22,0,0
2184,406,59,54.69,0,1,2.0,0,22,1,0
2185,897,94,64.78,0,0,0.0,0,27,0,0
2186,897,99,7.78,0,0,23.0,0,29,20,0
2187,391,80,83.49,0,0,0.0,0,12,0,0
2188,897,99,45.24,1,0,23.0,1,46,20,16
2189,897,94,26.91,0,0,0.0,0,21,0,0
2190,391,16,61.06,0,1,5.0,0,17,5,0
2191,406,25,96.51,1,1,23.0,1,31,20,1
2192,818,23,57.07,0,0,0.0,0,9,0,0
2193,406,63,93.86,0,0,0.0,0,23,0,0
2194,770,3,76.21,0,0,14.0,1,34,12,4
2195,897,90,58.53,0,0,3.0,0,28,2,0
2196,770,86,48.35,0,0,5.0,0,26,5,0
2197,391,2,68.49,0,1,1.0,0,8,1,0
2198,897,82,20.22,0,1,1.0,0,8,0,0
2199,770,72,84.15,1,1,7.0,0,30,6,0
2200,770,64,44.99,0,1,2.0,0,20,2,0
2201,818,74,48.07,0,1,6.0,0,26,6,0
2202,391,61,69.34,0,0,14.0,1,34,10,4
2203,406,18,92.17,1,1,14.0,1,46,12,16
2204,391,27,58.42,0,0,6.0,0,24,6,0
2205,391,16,73.49,0,0,5.0,0,27,5,0
2206,770,3,64.48,0,0,14.0,1,36,13,6
2207,770,93,52.01,1,1,12.0,1,55,9,25
2208,770,17,66.6,0,1,2.0,0,23,2,0
2209,770,43,63.16,1,0,13.0,1,47,12,17
2210,391,16,73.95,0,0,5.0,0,26,5,0
2211,391,71,64.33,0,0,7.0,0,17,7,0
2212,770,64,67.49,0,1,2.0,0,15,2,0
2213,897,24,31.81,0,0,5.0,0,12,5,0
2214,391,61,74.92,0,0,14.0,0,30,11,0
2215,406,95,77.52,1,1,13.0,0,26,9,0
2216,406,12,61.6,0,0,15.0,1,36,14,6
2217,818,47,91.64,0,0,6.0,0,21,5,0
2218,391,87,53.08,0,0,8.0,1,41,7,11
2219,770,6,44.36,0,1,10.0,0,25,9,0
2220,770,50,46.17,0,0,1.0,0,27,1,0
2221,770,64,56.4,0,1,2.0,0,24,2,0
2222,770,93,61.32,1,1,12.0,1,37,10,7
2223,406,95,82.09,1,1,13.0,1,37,9,7
2224,770,3,58.22,0,1,14.0,0,29,14,0
2225,391,89,49.25,0,0,1.0,0,23,1,0
2226,770,3,38.55,0,1,14.0,0,26,14,0
2227,391,15,33.42,1,1,16.0,1,38,13,8
2228,897,90,58.82,0,0,3.0,0,21,2,0
2229,391,41,41.92,0,1,15.0,0,24,12,0
2230,391,28,57.33,0,1,0.0,0,15,0,0
2231,406,34,46.25,1,1,15.0,1,33,13,3
2232,406,40,68.15,0,1,2.0,0,7,2,0
2233,406,38,67.66,0,0,9.0,0,29,6,0
2234,391,80,66.82,0,1,0.0,0,1,0,0
2235,818,81,31.84,0,1,22.0,0,23,20,0
2236,391,98,27.18,0,0,2.0,0,30,2,0
2237,406,49,75.59,0,1,2.0,0,7,2,0
2238,391,41,84.31,0,0,15.0,1,39,12,9
2239,391,56,98.61,0,0,0.0,0,20,0,0
2240,770,17,61.49,0,0,2.0,0,26,2,0
2241,391,76,80.93,0,1,11.0,0,26,9,0
2242,770,4,67.86,0,0,5.0,0,26,5,0
2243,897,11,54.94,0,0,16.0,0,27,13,0
2244,897,68,69.55,0,1,5.0,0,26,4,0
2245,406,36,102.01,1,1,3.0,1,40,2,10
2246,391,56,92.97,0,1,0.0,0,10,0,0
2247,770,50,30.23,0,0,1.0,0,16,1,0
2248,897,29,45.97,0,0,15.0,1,38,11,8
2249,897,52,65.01,0,1,0.0,0,15,0,0
2250,406,59,56.38,0,1,2.0,0,25,1,0
2251,406,85,60.11,0,0,19.0,1,43,14,13
2252,391,16,91.72,0,1,5.0,0,20,5,0
2253,391,2,52.47,0,0,1.0,0,16,1,0
2254,897,99,18.77,0,0,23.0,1,31,21,1
2255,391,57,73.6,0,0,25.0,1,44,21,14
2256,406,83,93.56,0,1,5.0,0,23,4,0
2257,391,51,44.64,0,1,1.0,0,18,1,0
2258,770,86,24.32,0,0,5.0,0,27,5,0
2259,391,65,73.3,0,0,2.0,0,17,2,0
2260,770,72,44.24,0,1,7.0,0,24,6,0
2261,406,95,94.51,1,1,13.0,1,44,10,14
2262,391,76,76.25,0,1,11.0,0,26,9,0
2263,818,55,66.51,0,1,9.0,0,16,9,0
2264,391,98,38.84,0,0,2.0,0,28,2,0
2265,406,18,78.08,1,1,14.0,1,48,13,18
2266,406,35,43.75,0,0,13.0,0,21,13,0
2267,391,15,69.73,0,1,16.0,1,31,14,1
2268,770,20,52.29,0,0,1.0,0,17,1,0
2269,391,57,87.99,0,1,25.0,1,40,22,10
2270,770,60,77.86,0,1,5.0,0,16,5,0
2271,897,11,68.28,0,0,16.0,1,35,13,5
2272,391,56,81.85,0,0,0.0,0,13,0,0
2273,406,85,68.25,0,1,19.0,1,34,15,4
2274,897,99,26.37,0,0,23.0,1,33,22,3
2275,818,45,67.57,0,1,8.0,0,16,8,0
2276,897,79,57.16,0,1,26.0,1,36,23,6
2277,391,46,65.37,0,1,2.0,0,15,2,0
2278,406,35,58.59,0,0,13.0,0,29,13,0
2279,897,11,13.09,0,1,16.0,0,27,14,0
2280,818,74,58.85,0,1,6.0,0,28,6,0
2281,406,85,42.62,1,0,19.0,1,54,16,24
2282,818,77,54.92,1,0,7.0,1,54,5,24
2283,818,81,26.25,1,1,22.0,1,35,20,5
2284,770,20,52.06,0,0,1.0,0,14,1,0
2285,770,31,81.06,0,1,0.0,0,9,0,0
2286,897,53,35.1,0,1,0.0,0,5,0,0
2287,897,52,54.3,0,1,0.0,0,20,0,0
2288,406,40,60.3,1,1,2.0,0,17,2,0
2289,818,45,89.27,0,0,8.0,0,27,8,0
2290,818,48,58.56,0,0,0.0,0,24,0,0
2291,391,76,67.15,0,0,11.0,1,43,9,13
2292,391,41,28.09,0,0,15.0,1,37,13,7
2293,406,42,104.58,0,1,20.0,0,27,19,0
2294,770,72,43.41,1,1,7.0,1,33,6,3
2295,818,77,105.85,0,0,7.0,0,21,6,0
2296,406,49,95.29,1,1,2.0,0,18,2,0
2297,406,42,98.51,1,0,20.0,1,49,19,19
2298,818,48,74.9,0,0,0.0,0,13,0,0
2299,406,38,75.37,0,0,9.0,0,25,6,0
2300,897,94,29.39,0,0,0.0,0,18,0,0
2301,770,20,62.06,0,1,1.0,0,7,1,0
2302,391,7,44.71,0,1,11.0,0,22,7,0
2303,406,59,66.68,0,1,2.0,0,10,1,0
2304,770,50,48.18,0,1,1.0,0,16,1,0
2305,406,63,74.36,0,1,0.0,0,11,0,0
2306,818,69,47.52,0,0,0.0,0,14,0,0
2307,406,85,69.95,1,0,19.0,1,67,17,37
2308,391,9,77.47,1,0,18.0,1,32,15,2
2309,406,63,49.72,0,1,0.0,0,13,0,0
2310,391,19,68.69,0,1,0.0,0,9,0,0
2311,391,84,59.56,0,0,7.0,0,22,7,0
2312,818,22,48.11,0,0,2.0,0,21,2,0
2313,818,26,67.58,1,1,2.0,0,17,2,0
2314,897,82,37.13,1,1,1.0,1,31,0,1
2315,897,53,29.77,0,0,0.0,0,3,0,0
2316,897,90,47.41,1,0,3.0,1,36,2,6
2317,391,71,90.61,0,1,7.0,0,21,7,0
2318,818,22,44.99,0,0,2.0,0,24,2,0
2319,818,69,45.76,1,0,0.0,0,19,0,0
2320,770,62,69.9,0,1,23.0,1,35,22,5
2321,818,22,58.14,0,0,2.0,0,17,2,0
2322,897,29,50.33,0,0,15.0,1,38,12,8
2323,391,46,68.39,0,1,2.0,0,13,2,0
2324,391,27,55.09,0,0,6.0,0,26,6,0
2325,897,5,25.07,0,1,32.0,0,28,32,0
2326,897,54,18.05,0,1,2.0,0,11,2,0
2327,391,51,43.95,0,1,1.0,0,26,1,0
2328,770,14,45.17,0,1,1.0,0,11,1,0
2329,818,74,60.57,0,1,6.0,0,21,6,0
2330,897,79,50.27,0,0,26.0,1,35,24,5
2331,897,54,8.61,0,0,2.0,0,13,2,0
2332,818,13,54.41,0,0,20.0,1,54,17,24
2333,391,9,74.62,1,1,18.0,1,41,16,11
2334,391,19,73.86,0,1,0.0,0,17,0,0
2335,391,61,72.62,0,0,14.0,1,36,11,6
2336,406,25,59.31,1,1,23.0,1,33,21,3
2337,406,32,43.62,0,0,0.0,0,7,0,0
2338,818,26,84.79,1,1,2.0,0,27,2,0
2339,391,87,60.65,0,1,8.0,0,25,8,0
2340,818,55,82.93,0,1,9.0,0,16,9,0
2341,406,38,60.77,0,0,9.0,0,30,6,0
2342,406,18,37.49,0,1,14.0,0,29,14,0
2343,406,38,62.62,0,0,9.0,0,19,6,0
2344,406,78,59.21,0,1,11.0,0,26,11,0
2345,391,1,77.19,0,0,0.0,0,13,0,0
2346,406,92,96.02,0,0,17.0,1,49,16,19
2347,770,58,40.18,1,1,14.0,1,45,13,15
2348,818,26,83.68,1,1,2.0,0,24,2,0
2349,770,50,33.37,0,1,1.0,0,15,1,0
2350,406,78,76.26,1,1,11.0,0,27,11,0
2351,406,59,65.29,0,1,2.0,0,15,1,0
2352,818,88,52.48,0,0,19.0,1,39,17,9
2353,770,72,40.16,0,0,7.0,0,20,7,0
2354,406,97,55.47,1,1,0.0,0,10,0,0
2355,391,61,55.85,0,0,14.0,1,34,12,4
2356,391,76,85.49,0,1,11.0,0,26,10,0
2357,406,34,33.9,1,1,15.0,1,50,14,20
2358,818,13,85.76,0,0,20.0,1,39,18,9
2359,818,45,57.87,0,0,8.0,0,23,8,0
2360,406,25,86.38,1,1,23.0,1,50,22,20
2361,770,60,59.83,0,1,5.0,0,20,5,0
2362,770,6,10.03,0,1,10.0,0,30,9,0
2363,770,33,74.28,1,0,25.0,1,56,23,26
2364,897,94,35.8,0,0,0.0,0,21,0,0
2365,770,64,81.1,0,1,2.0,0,23,2,0
2366,818,23,36.09,0,0,0.0,0,6,0,0
2367,897,66,44.54,0,1,1.0,0,23,1,0
2368,897,90,51.21,0,1,3.0,0,19,3,0
2369,406,35,93.51,0,0,13.0,0,29,13,0
2370,406,8,33.11,1,0,20.0,1,51,19,21
2371,406,40,67.59,0,0,2.0,0,6,2,0
2372,897,52,40.13,0,0,0.0,0,21,0,0
2373,818,48,69.86,0,1,0.0,0,4,0,0
2374,391,80,78.8,0,1,0.0,0,5,0,0
2375,818,74,41.83,0,1,6.0,0,28,6,0
2376,818,77,70.34,0,0,7.0,1,31,6,1
2377,818,75,60.73,1,0,26.0,1,37,24,7
2378,391,39,54.25,0,1,5.0,0,21,5,0
2379,391,9,128.28,1,0,18.0,1,45,17,15
2380,406,59,78.81,0,1,2.0,0,24,1,0
2381,391,56,91.98,0,0,0.0,0,13,0,0
2382,897,79,71.04,0,0,26.0,1,51,25,21
2383,406,12,105.9,0,1,15.0,0,30,15,0
2384,818,44,54.93,1,0,20.0,1,58,18,28
2385,391,16,55.58,0,0,5.0,0,25,5,0
2386,818,81,44.09,0,1,22.0,1,31,21,1
2387,818,55,72.45,1,1,9.0,0,28,9,0
2388,391,57,64.64,0,1,25.0,1,41,23,11
2389,406,59,78.33,0,0,2.0,1,34,1,4
2390,818,48,44.96,0,0,0.0,0,19,0,0
2391,391,7,66.55,0,1,11.0,1,33,7,3
2392,897,24,52.51,0,1,5.0,0,18,5,0
2393,391,87,52.04,0,0,8.0,0,25,8,0
2394,818,47,71.08,0,0,6.0,0,25,5,0
2395,406,95,72.34,1,1,13.0,1,37,11,7
2396,818,13,42.62,0,0,20.0,1,50,19,20
2397,897,52,22.26,0,1,0.0,0,12,0,0
2398,770,20,60.96,0,1,1.0,0,5,1,0
2399,406,85,61.31,0,0,19.0,1,31,18,1
2400,818,22,58.73,0,0,2.0,0,21,2,0
2401,391,1,51.65,0,0,0.0,0,14,0,0
2402,391,9,64.09,0,1,18.0,0,18,18,0
2403,770,4,53.87,0,0,5.0,0,24,5,0
2404,770,93,40.71,0,1,12.0,0,28,11,0
2405,391,19,68.67,0,1,0.0,0,9,0,0
2406,897,68,20.47,0,0,5.0,1,38,4,8
2407,818,37,79.49,1,0,13.0,1,53,11,23
2408,391,71,58.2,0,0,7.0,0,30,7,0
2409,770,93,78.49,0,0,12.0,1,41,11,11
2410,406,83,87.79,1,1,5.0,1,39,4,9
2411,770,6,16.62,0,0,10.0,1,41,9,11
2412,406,40,47.67,0,1,2.0,0,5,2,0
2413,406,38,74.07,0,0,9.0,0,28,6,0
2414,391,7,30.89,1,0,11.0,1,54,8,24
2415,391,98,62.1,0,0,2.0,0,28,2,0
2416,391,15,41.08,0,1,16.0,1,35,15,5
2417,406,38,59.5,1,0,9.0,1,43,6,13
2418,391,2,103.64,0,0,1.0,0,19,1,0
2419,770,58,11.79,0,0,14.0,0,30,14,0
2420,818,44,59.51,0,1,20.0,1,37,19,7
2421,391,7,63.91,1,0,11.0,1,35,9,5
2422,391,2,33.23,0,0,1.0,0,17,1,0
2423,897,91,66.54,0,0,0.0,0,5,0,0
2424,897,29,38.72,0,0,15.0,1,48,13,18
2425,897,54,8.38,1,1,2.0,0,28,2,0
2426,897,11,35.2,0,1,16.0,1,35,14,5
2427,406,96,44.13,0,1,4.0,0,17,4,0
2428,818,77,86.69,0,1,7.0,0,14,7,0
2429,897,52,42.86,0,1,0.0,0,13,0,0
2430,818,22,90.41,0,0,2.0,0,21,2,0
2431,897,11,59.44,1,1,16.0,1,48,15,18
2432,406,38,126.31,1,0,9.0,1,40,7,10
2433,406,38,62.58,1,0,9.0,1,37,8,7
2434,770,33,58.9,0,0,25.0,1,43,24,13
2435,406,97,50.83,1,1,0.0,0,26,0,0
2436,391,76,48.2,0,1,11.0,1,39,10,9
2437,818,88,84.68,0,0,19.0,1,31,18,1
2438,391,61,57.41,0,0,14.0,1,40,13,10
2439,406,78,85.99,0,1,11.0,0,20,11,0
2440,406,96,55.65,0,1,4.0,0,12,4,0
2441,818,74,50.1,0,1,6.0,0,27,6,0
2442,391,61,54.82,0,0,14.0,0,28,14,0
2443,770,43,49.54,0,1,13.0,0,16,13,0
2444,897,24,53.67,1,0,5.0,0,24,5,0
2445,391,56,73.22,0,0,0.0,0,23,0,0
2446,770,72,21.73,0,1,7.0,0,15,7,0
2447,770,30,86.29,0,1,19.0,1,34,18,4
2448,391,7,42.67,0,0,11.0,1,36,10,6
2449,406,95,71.12,1,1,13.0,1,34,12,4
2450,818,37,76.18,0,1,13.0,0,23,12,0
2451,391,41,68.4,0,0,15.0,1,33,14,3
2452,406,35,74.19,0,0,13.0,0,28,13,0
2453,391,89,68.07,0,1,1.0,0,12,1,0
2454,391,84,65.19,0,0,7.0,0,29,7,0
2455,897,29,48.06,0,0,15.0,1,38,14,8
2456,818,75,74.16,1,0,26.0,1,45,25,15
2457,818,47,93.09,1,0,6.0,1,37,5,7
2458,391,41,38.95,0,0,15.0,0,25,15,0
2459,770,93,28.3,0,0,12.0,0,28,12,0
2460,818,37,59.0,1,0,13.0,1,37,12,7
2461,391,57,79.61,0,1,25.0,1,44,24,14
2462,391,98,38.25,0,0,2.0,0,24,2,0
2463,770,72,67.59,0,0,7.0,0,25,7,0
2464,770,60,53.16,0,0,5.0,0,21,5,0
2465,406,96,68.66,0,1,4.0,0,14,4,0
